{
    "manifest_version": 2,
	"name": "Save Page WE",
	"version": "9.2",
    
	"description": "Save a complete web page (or just the basic items) as a single HTML file.",
	"icons": { "16": "icon16.png", "32": "icon32.png", "48": "icon48.png", "128": "icon128-96.png"	},
    
    "applications": { "gecko": { "id": "savepage-we@DW-dev", "strict_min_version": "51.0" } },
    "permissions": [ "http://*/*", "https://*/*", "activeTab", "tabs", "webNavigation", "contextMenus", "notifications", "storage" ],
    
	"browser_action": { "default_icon": { "16": "icon16.png" }, "default_title": "Save Page WE" },
    
	"background": { "scripts": [ "background.js" ] },
    "options_ui": { "page": "options.html", "open_in_tab": true },
    "web_accessible_resources" : [ "unsaved-panel.html", "comments-panel.html", "pageinfo-panel.html", "pageinfo-bar.html", "pageloader-compressed.js" ],
    
    "commands": { "_execute_browser_action": { "description": "Save Page", "suggested_key": { "default": "Alt+A" } } }
}
