{"root":{"다시 보기":{"루리웹":{"에반게리온 리부트 甲 .jpg | Daum 루리웹":"http://bbs2.ruliweb.daum.net/gaia/do/ruliweb/default/community/2078/read?articleId=24266792&objCate1=497&bbsId=G005&itemId=143&pageIndex=9","세계 멸망하는 만화 | Daum 루리웹":"http://bbs2.ruliweb.daum.net/gaia/do/ruliweb/default/community/2078/read?articleId=24385653&objCate1=497&bbsId=G005&itemId=143&pageIndex=4","빵셔틀한테 일진이라 불러주기로 했다.JPG | Daum 루리웹":"http://bbs2.ruliweb.daum.net/gaia/do/ruliweb/default/community/2078/read?articleId=25324159&objCate1=497&bbsId=G005&itemId=143&pageIndex=1","갓 펭귄.jpg | Daum 루리웹":"http://bbs2.ruliweb.daum.net/gaia/do/ruliweb/default/community/2078/read?articleId=25321741&objCate1=497&bbsId=G005&itemId=143&pageIndex=22","김장하는 망가 | Daum 루리웹":"http://bbs2.ruliweb.daum.net/gaia/do/ruliweb/default/community/2078/read?articleId=23647420&objCate1=497&bbsId=G005&itemId=143&pageIndex=2","오빠 나 구두좀 골라줘.jpg | Daum 루리웹":"http://bbs2.ruliweb.daum.net/gaia/do/ruliweb/default/community/2078/read?articleId=22774783&objCate1=497&bbsId=G005&itemId=143&pageIndex=14","여고생의 고민상담.jpg | Daum 루리웹":"http://bbs2.ruliweb.daum.net/gaia/do/ruliweb/default/community/2078/read?articleId=22939478&objCate1=497&bbsId=G005&itemId=143&pageIndex=10","[러브라이브] 만지기에 따른 각 반응 | Daum 루리웹":"http://bbs2.ruliweb.daum.net/gaia/do/ruliweb/default/community/2078/read?articleId=23279123&objCate1=497&bbsId=G005&itemId=143&pageIndex=32","상해죄 | Daum 루리웹":"http://bbs2.ruliweb.daum.net/gaia/do/ruliweb/default/community/2078/read?articleId=23700884&objCate1=497&bbsId=G005&itemId=143&pageIndex=12","소녀들이 다시 태어나는 comic | Daum 루리웹":"http://bbs2.ruliweb.daum.net/gaia/do/ruliweb/default/community/2078/read?articleId=23547426&objCate1=497&bbsId=G005&itemId=143&pageIndex=29","안드로이드 만드는 단편영화 | Daum 루리웹":"http://bbs2.ruliweb.daum.net/gaia/do/ruliweb/default/community/2078/read?articleId=25118208&objCate1=497&bbsId=G005&itemId=143&pageIndex=1","단팥으로 만든 호빵맨~ 원래 가사 | Daum 루리웹":"http://bbs2.ruliweb.daum.net/gaia/do/ruliweb/default/community/2078/read?articleId=25531054&objCate1=497&bbsId=G005&itemId=143&pageIndex=5","젤다 만화 | Daum 루리웹":"http://bbs2.ruliweb.daum.net/gaia/do/ruliweb/default/community/2078/read?articleId=24434576&objCate1=497&bbsId=G005&itemId=143&pageIndex=8","움직이지마라...키리토... | Daum 루리웹":"http://bbs2.ruliweb.daum.net/gaia/do/ruliweb/default/community/2078/read?articleId=22748939&objCate1=497&bbsId=G005&itemId=143&pageIndex=31","악마가 계약해서 소원 들어주는 comic | Daum 루리웹":"http://bbs2.ruliweb.daum.net/gaia/do/ruliweb/default/community/2078/read?articleId=22808603&objCate1=497&bbsId=G005&itemId=143&pageIndex=51","페이트 엑스트라 WORKING | Daum 루리웹":"http://bbs2.ruliweb.daum.net/gaia/do/ruliweb/default/community/2078/read?articleId=25113945&objCate1=497&bbsId=G005&itemId=143&pageIndex=23","그날이 오면.manga | Daum 루리웹":"http://bbs2.ruliweb.daum.net/gaia/do/ruliweb/default/community/2078/read?articleId=22813953&objCate1=497&bbsId=G005&itemId=143&pageIndex=1","창작만화 | Daum 루리웹":"http://bbs2.ruliweb.daum.net/gaia/do/ruliweb/family/216/list?bbsId=G005&pageIndex=1&searchKey=userid&searchValue=f6I6qZOSuh50&searchName=ëë½ê°ë&itemId=63&itemGroupId=&platformId=&objCate1=","싫어하는 여자애 조종해서 이것저것 하는 망가.MANGA | Daum 루리웹":"http://bbs2.ruliweb.daum.net/gaia/do/ruliweb/default/community/2078/read?articleId=23902075&objCate1=497&bbsId=G005&itemId=143&pageIndex=12","직업정신 투철한 프로페셔널 가족 | Daum 루리웹":"http://bbs2.ruliweb.daum.net/gaia/do/ruliweb/default/community/2078/read?articleId=24433830&objCate1=497&bbsId=G005&itemId=143&pageIndex=1","ㅉㅉ 우리나라 CG기술 한심 | Daum 루리웹":"http://bbs2.ruliweb.daum.net/gaia/do/ruliweb/default/community/2078/read?articleId=22774822&objCate1=497&bbsId=G005&itemId=143&pageIndex=14","오늘만 사는 굽시니스트 | Daum 루리웹":"http://bbs2.ruliweb.daum.net/gaia/do/ruliweb/default/community/2078/read?articleId=25135615&objCate1=497&bbsId=G005&itemId=143&pageIndex=32","엔들리스 국무총리.jpg | Daum 루리웹":"http://bbs2.ruliweb.daum.net/gaia/do/ruliweb/default/community/2078/read?articleId=24467397&objCate1=497&bbsId=G005&itemId=143&pageIndex=5","마법소녀 | Daum 루리웹":"http://bbs2.ruliweb.daum.net/gaia/do/ruliweb/default/community/2078/read?articleId=24170948&objCate1=497&bbsId=G005&itemId=143&pageIndex=21","어느사이트의 숨어있던 동덕들... | Daum 루리웹":"http://bbs2.ruliweb.daum.net/gaia/do/ruliweb/default/community/2078/read?articleId=25552144&objCate1=497&bbsId=G005&itemId=143&pageIndex=12","사실 난 의사가 아니다.JPG | Daum 루리웹":"http://bbs2.ruliweb.daum.net/gaia/do/ruliweb/default/community/2078/read?articleId=23292031&objCate1=497&bbsId=G005&itemId=143&pageIndex=11","광신도와 말싸움해서 이길 수 없는 이유 | Daum 루리웹":"http://bbs2.ruliweb.daum.net/gaia/do/ruliweb/default/community/2078/read?articleId=21969660&objCate1=497&bbsId=G005&itemId=143&pageIndex=32","[건담 땡땡이] 마르지 않는 아이디어의 샘 | Daum 루리웹":"http://bbs2.ruliweb.daum.net/gaia/do/ruliweb/family/230/read?bbsId=G005&itemId=75&articleId=11819066","유머 | Daum 루리웹":"http://bbs2.ruliweb.daum.net/gaia/do/ruliweb/default/community/2078/list?bbsId=G005&pageIndex=1&itemId=143&objCate1=497","페르소나4 최고의 쓰레기 케릭터.jpg | Daum 루리웹":"http://bbs2.ruliweb.daum.net/gaia/do/ruliweb/default/community/2078/read?articleId=23289107&objCate1=497&bbsId=G005&itemId=143&pageIndex=22","임신한 선생님을 대신해 이상한 여선생님이 오는 만화.MANGA | Daum 루리웹":"http://bbs2.ruliweb.daum.net/gaia/do/ruliweb/default/community/2078/read?articleId=25359406&objCate1=497&bbsId=G005&itemId=143&pageIndex=27","역시 내청춘 러브코메디는 잘못됐다 R-18 동인지 甲.jpg | Daum 루리웹":"http://bbs2.ruliweb.daum.net/gaia/do/ruliweb/default/community/2078/read?articleId=25159689&objCate1=497&bbsId=G005&itemId=143&pageIndex=16","◆ 모바일 웹 말머리 구분 정렬 메뉴 / 후방주의 모음 ◆ | Daum 루리웹":"http://bbs1.ruliweb.daum.net/gaia/do/ruliweb/default/community/3825/read?articleId=7636296&bbsId=G001&itemId=81404&pageIndex=1&t__nil_ruliweb=best&nil_id=18","세기의 명작 만화 - 배트게이 甲.JPG | Daum 루리웹":"http://bbs2.ruliweb.daum.net/gaia/do/ruliweb/default/community/2078/read?articleId=25784783&objCate1=497&bbsId=G005&itemId=143&pageIndex=1","용사30 한글판기준 모든퀘스트 공략 | Daum 루리웹":"http://bbs1.ruliweb.daum.net/gaia/do/ruliweb/default/129/read?bbsId=G001&articleId=3831032&itemId=9491","용사30 한글판기준 여신의방 100% 공략 -몬스터편- | Daum 루리웹":"http://bbs1.ruliweb.daum.net/gaia/do/ruliweb/default/129/read?bbsId=G001&articleId=3834324&itemId=9491","":"http://bbs2.ruliweb.daum.net/gaia/do/ruliweb/family/216/read?articleId=18980175&bbsId=G005&searchKey=userid&searchName=%EC%BA%90%EB%85%BC14&itemId=63&searchValue=ONpDsma61vU0&pageIndex=1","2차대전 당시 사용된 영국맛 무기 | Daum 루리웹":"http://bbs2.ruliweb.daum.net/gaia/do/ruliweb/default/community/2078/read?articleId=25679593&objCate1=497&bbsId=G005&itemId=143&pageIndex=3","성별 확인하는 만화.jpg | Daum 루리웹":"http://bbs2.ruliweb.daum.net/gaia/do/ruliweb/default/community/2078/read?articleId=25618845&objCate1=497&bbsId=G005&itemId=143&pageIndex=4","어딜 보느냐 중생아 쯧쯧.jpg | Daum 루리웹":"http://bbs2.ruliweb.daum.net/gaia/do/ruliweb/default/community/2078/read?articleId=25870785&objCate1=497&bbsId=G005&itemId=143&pageIndex=3","[@]배빵돌이 P 귀 핥는.COMIC | Daum 루리웹":"http://bbs2.ruliweb.daum.net/gaia/do/ruliweb/default/community/2078/read?articleId=25766713&objCate1=497&bbsId=G005&itemId=143&pageIndex=15","오쿠리이누 만화 | Daum 루리웹":"http://bbs2.ruliweb.daum.net/gaia/do/ruliweb/default/community/2078/read?articleId=25863388&objCate1=497&bbsId=G005&itemId=143&pageIndex=5","엘솟 팬아트 | Daum 루리웹":"http://bbs2.ruliweb.daum.net/gaia/do/ruliweb/default/community/2078/read?articleId=25846154&objCate1=497&bbsId=G005&itemId=143&pageIndex=1","역내청 만화 | Daum 루리웹":"http://bbs2.ruliweb.daum.net/gaia/do/ruliweb/default/community/2078/read?articleId=25842813&objCate1=497&bbsId=G005&itemId=143&pageIndex=15","배트맨의 심리 상담 | Daum 루리웹":"http://bbs2.ruliweb.daum.net/gaia/do/ruliweb/default/community/2078/read?articleId=25928655&objCate1=497&bbsId=G005&itemId=143&pageIndex=2","야밤에 랜덤짤 투척.jpg | Daum 루리웹":"http://bbs2.ruliweb.daum.net/gaia/do/ruliweb/default/community/2078/read?articleId=25909010&objCate1=497&bbsId=G005&itemId=143&pageIndex=12","유보트만화 | Daum 루리웹":"http://bbs2.ruliweb.daum.net/gaia/do/ruliweb/default/community/2078/read?articleId=25907958&objCate1=497&bbsId=G005&itemId=143&pageIndex=22","콜라를 책상까지 가지고 오는 법 | Daum 루리웹":"http://bbs2.ruliweb.daum.net/gaia/do/ruliweb/default/community/2078/read?articleId=25937638&objCate1=497&bbsId=G005&itemId=143&pageIndex=20","평범한 회사원과 세일러 새턴이 사귀는 만화.MANGA | Daum 루리웹":"http://bbs2.ruliweb.daum.net/gaia/do/ruliweb/default/community/2078/read?articleId=25907896&objCate1=497&bbsId=G005&itemId=143&pageIndex=22","스팀 국산 여성향 게임 유용한 리뷰.jpg. | Daum 루리웹":"http://bbs2.ruliweb.daum.net/gaia/do/ruliweb/default/community/2078/read?articleId=26089989&objCate1=497&bbsId=G005&itemId=143&pageIndex=1","성남시장의 패기 | Daum 루리웹":"http://bbs2.ruliweb.daum.net/gaia/do/ruliweb/default/community/2078/read?articleId=26095093&objCate1=497&bbsId=G005&searchKey=subjectNcontent&itemId=143&sortKey=depth&searchValue=ì±ë¨ìì¥&pageIndex=1","시대에 따른 마왕의 변화.JPG | Daum 루리웹":"http://bbs2.ruliweb.daum.net/gaia/do/ruliweb/default/community/2078/read?articleId=26106876&objCate1=497&bbsId=G005&itemId=143&pageIndex=1","애플 신제품.jpg | Daum 루리웹":"http://bbs2.ruliweb.daum.net/gaia/do/ruliweb/default/community/2078/read?articleId=26003320&objCate1=497&bbsId=G005&itemId=143&pageIndex=26","애니에 나온 교복 맞추기 | Daum 루리웹":"http://bbs2.ruliweb.daum.net/gaia/do/ruliweb/default/community/2078/read?articleId=26021549&objCate1=497&bbsId=G005&itemId=143&pageIndex=9","가슴의 S가 의미하는 뜻 | Daum 루리웹":"http://bbs2.ruliweb.daum.net/gaia/do/ruliweb/default/community/2078/read?articleId=26003045&objCate1=497&bbsId=G005&itemId=143&pageIndex=29","(스압) 푼돈벌이 겸 씹타쿠들 보라고 라노베나 써볼까.txt | Daum 루리웹":"http://bbs2.ruliweb.daum.net/gaia/do/ruliweb/default/community/2078/read?articleId=26057000&objCate1=497&bbsId=G005&itemId=143&pageIndex=29","천사의 계급 | Daum 루리웹":"http://bbs2.ruliweb.daum.net/gaia/do/ruliweb/default/community/2078/read?articleId=26117619&objCate1=497&bbsId=G005&itemId=143&pageIndex=1","루리웹의 여러 게시판 (ver.1.12) | Daum 루리웹":"http://bbs2.ruliweb.daum.net/gaia/do/ruliweb/default/community/2078/read?articleId=26113417&objCate1=497&bbsId=G005&itemId=143&pageIndex=5","할머니 망가.jpg | Daum 루리웹":"http://bbs2.ruliweb.daum.net/gaia/do/ruliweb/default/community/2078/read?articleId=26031482&objCate1=497&bbsId=G005&itemId=143&pageIndex=12","[스압] 등교 아티스트.manga | Daum 루리웹":"http://bbs2.ruliweb.daum.net/gaia/do/ruliweb/default/community/2078/read?articleId=25966651&objCate1=497&bbsId=G005&itemId=143&pageIndex=7","바이오하자드 스토리 연대별 정리.jpg | Daum 루리웹":"http://bbs2.ruliweb.daum.net/gaia/do/ruliweb/default/community/2078/read?articleId=26005378&objCate1=497&bbsId=G005&itemId=143&pageIndex=7","넷우익과 한국인이 물에 빠졌다 | Daum 루리웹":"http://bbs2.ruliweb.daum.net/gaia/do/ruliweb/default/community/2078/read?articleId=26033563&objCate1=497&bbsId=G005&itemId=143&pageIndex=9","어쌔신크리드 스토리 연대별 정리(스압).jpg | Daum 루리웹":"http://bbs2.ruliweb.daum.net/gaia/do/ruliweb/default/community/2078/read?articleId=26005369&objCate1=497&bbsId=G005&itemId=143&pageIndex=7","단풍독 만화 | Daum 루리웹":"http://bbs2.ruliweb.daum.net/gaia/do/ruliweb/default/community/2078/read?articleId=26024522&objCate1=497&bbsId=G005&itemId=143&pageIndex=5","내가 시간을 멈췄다 | Daum 루리웹":"http://bbs2.ruliweb.daum.net/gaia/do/ruliweb/default/community/2078/read?articleId=25966951&objCate1=497&bbsId=G005&itemId=143&pageIndex=3","가슴 | Daum 루리웹":"http://bbs2.ruliweb.daum.net/gaia/do/ruliweb/default/community/2078/read?articleId=26033755&objCate1=497&bbsId=G005&itemId=143","시인과 현자.jpg | Daum 루리웹":"http://bbs2.ruliweb.daum.net/gaia/do/ruliweb/default/community/2078/read?articleId=26018289&objCate1=497&bbsId=G005&itemId=143&pageIndex=43","펌) 볼드모트로 오행시를 지어 보아라 | Daum 루리웹":"http://bbs2.ruliweb.daum.net/gaia/do/ruliweb/default/community/2078/read?articleId=25308868&objCate1=497&bbsId=G005&searchKey=subjectNcontent&itemId=143&sortKey=depth&searchValue=ì¤íì&pageIndex=1","꼬마 유령 앨마.만화 | Daum 루리웹":"http://bbs2.ruliweb.daum.net/gaia/do/ruliweb/default/community/2078/read?articleId=26099389&objCate1=497&bbsId=G005&itemId=143&pageIndex=11","한국일러스트레이터 | Daum 루리웹":"http://bbs2.ruliweb.daum.net/gaia/do/ruliweb/default/community/2078/read?articleId=25954524&objCate1=497&bbsId=G005&itemId=143&pageIndex=7","질풍기획은 실존한다... | Daum 루리웹":"http://bbs2.ruliweb.daum.net/gaia/do/ruliweb/default/community/2078/read?articleId=26152109&objCate1=497&bbsId=G005&itemId=143&pageIndex=23","내청춘 제목학원 스압 | Daum 루리웹":"http://bbs2.ruliweb.daum.net/gaia/do/ruliweb/default/community/2078/read?articleId=26148245&objCate1=497&bbsId=G005&itemId=143&pageIndex=30","매도소녀는 이걸로 올 콜렉트인 듯.MANGGA | Daum 루리웹":"http://bbs2.ruliweb.daum.net/gaia/do/ruliweb/default/community/2078/read?articleId=26272959&objCate1=497&bbsId=G005&itemId=143&pageIndex=13","이쯤에서 다시 보는 벌레대첩 (feat.메갈량) | Daum 루리웹":"http://bbs2.ruliweb.daum.net/gaia/do/ruliweb/default/community/2078/read?articleId=26202321&objCate1=497&bbsId=G005&itemId=143&pageIndex=1","가장 훈훈한 만화(통합)(스압). | Daum 루리웹":"http://bbs2.ruliweb.daum.net/gaia/do/ruliweb/family/217/read?articleId=25492571&nil_id=3&bbsId=G005&t__nil_ruliweb=best&itemId=64","일본. 트로트 박상철의 \"무조건\" 리메이크 | Daum 루리웹":"http://bbs2.ruliweb.daum.net/gaia/do/ruliweb/default/community/2078/read?articleId=26200034&objCate1=497&bbsId=G005&itemId=143&pageIndex=28","법정서기들이 듣고 기록한 실화.jpg | Daum 루리웹":"http://bbs2.ruliweb.daum.net/gaia/do/ruliweb/default/community/2078/read?articleId=26150129&objCate1=497&bbsId=G005&itemId=143&pageIndex=7","야밤에 보는 여자아이가 늑대 만나는 comic | Daum 루리웹":"http://bbs2.ruliweb.daum.net/gaia/do/ruliweb/default/read?articleId=25206100&bbsId=G005&itemId=143","교사하는 망가.manga | Daum 루리웹":"http://bbs2.ruliweb.daum.net/gaia/do/ruliweb/default/community/2078/read?articleId=26237214&objCate1=497&bbsId=G005&itemId=143&pageIndex=6","(스왑) 망가작가 야나기다 후미타.manga | Daum 루리웹":"http://bbs2.ruliweb.daum.net/gaia/do/ruliweb/default/community/2078/read?articleId=26287760&objCate1=497&bbsId=G005&itemId=143&pageIndex=6","한 밤 중에 여자 시체 유기하는 만화 | Daum 루리웹":"http://bbs2.ruliweb.daum.net/gaia/do/ruliweb/default/community/2078/read?articleId=26137508&objCate1=497&bbsId=G005&itemId=143&pageIndex=7","붓다 : 더 코믹스 | Daum 루리웹":"http://bbs2.ruliweb.daum.net/gaia/do/ruliweb/family/217/read?bbsId=G005&itemId=64&articleId=24964097","노력은 결과를 배신하지않는다. | Daum 루리웹":"http://bbs2.ruliweb.daum.net/gaia/do/ruliweb/default/community/2078/read?articleId=27734642&objCate1=497&bbsId=G005&itemId=143&pageIndex=1","쩡의 기원을 찾아서 | Daum 루리웹":"http://bbs2.ruliweb.daum.net/gaia/do/ruliweb/default/community/2078/read?articleId=27709986&objCate1=497&bbsId=G005&itemId=143&pageIndex=1","전설의 디씨 호갱사건.JPG | Daum 루리웹":"http://bbs2.ruliweb.daum.net/gaia/do/ruliweb/default/community/2078/read?articleId=26492920&objCate1=497&bbsId=G005&itemId=143&pageIndex=22","보기만 해도 암이 낫는 사진들 甲.jpg | Daum 루리웹":"http://bbs2.ruliweb.daum.net/gaia/do/ruliweb/default/community/2078/read?articleId=26493024&objCate1=497&bbsId=G005&itemId=143&pageIndex=20","스포] 매드맥스 못 본 게이를 위해 내용 정리 해준다 | Daum 루리웹":"http://bbs2.ruliweb.daum.net/gaia/do/ruliweb/default/community/2078/read?articleId=26466172&objCate1=497&bbsId=G005&itemId=143&pageIndex=74","전설의 자막제작자 甲.swf | Daum 루리웹":"http://bbs2.ruliweb.daum.net/gaia/do/ruliweb/default/community/2078/read?articleId=26405974&objCate1=497&bbsId=G005&itemId=143&pageIndex=42","크롬,파폭,모바일 들어올 필요 없는 글.gif | Daum 루리웹":"http://bbs2.ruliweb.daum.net/gaia/do/ruliweb/default/community/2078/read?articleId=26408105&objCate1=497&bbsId=G005&itemId=143&pageIndex=10","이해하면 슬픈 만화 | Daum 루리웹":"http://bbs2.ruliweb.daum.net/gaia/do/ruliweb/default/community/2078/read?articleId=26397183&objCate1=497&bbsId=G005&itemId=143&pageIndex=36","게이저스.manhwa | Daum 루리웹":"http://bbs2.ruliweb.daum.net/gaia/do/ruliweb/default/community/2078/read?articleId=26364025&objCate1=497&bbsId=G005&searchKey=subjectNcontent&itemId=143&sortKey=depth&searchValue=ê²ì´ì ì¤&pageIndex=1","스압] 웃긴대학 주간답글 베스트 | Daum 루리웹":"http://bbs2.ruliweb.daum.net/gaia/do/ruliweb/default/community/2078/read?articleId=26383009&objCate1=497&bbsId=G005&itemId=143&pageIndex=16","니세코이 츠구미 신혼생활.youtube | Daum 루리웹":"http://bbs2.ruliweb.daum.net/gaia/do/ruliweb/default/community/2078/read?articleId=26371546&objCate1=497&bbsId=G005&itemId=143&pageIndex=15","1년 동안의 그림체 변화.JPG | Daum 루리웹":"http://bbs2.ruliweb.daum.net/gaia/do/ruliweb/default/community/2078/read?articleId=26359593&objCate1=497&bbsId=G005&itemId=143&pageIndex=42","신작 목록.jpg | Daum 루리웹":"http://bbs2.ruliweb.daum.net/gaia/do/ruliweb/default/community/2078/read?articleId=26361588&objCate1=497&bbsId=G005&itemId=143&pageIndex=3","추억의 웰치스 존맛 | Daum 루리웹":"http://bbs2.ruliweb.daum.net/gaia/do/ruliweb/default/community/2078/read?articleId=28159798&objCate1=497&bbsId=G005&itemId=143","글리젠이 없는 틈을 타 동인지 달린다! | Daum 루리웹":"http://bbs2.ruliweb.daum.net/gaia/do/ruliweb/default/community/2078/read?articleId=28500642&objCate1=497&bbsId=G005&itemId=143","글리젠도 죽었는데 덩인지 달린다! | Daum 루리웹":"http://bbs2.ruliweb.daum.net/gaia/do/ruliweb/default/community/2078/read?articleId=28524706&objCate1=497&bbsId=G005&itemId=143"},"위키":{"arcadia":"http://namu.wiki/w/arcadia","하시모토 칸나":"http://namu.wiki/w/하시모토 칸나","파라노이아":"http://namu.wiki/w/파라노이아","잃어버린 미래를 찾아서":"http://namu.wiki/w/잃어버린 미래를 찾아서","내일 만났던 소녀":"http://namu.wiki/w/내일 만났던 소녀","세피로트의 나무":"http://namu.wiki/w/세피로트의 나무","Analogue: A Hate Story":"http://namu.wiki/w/Analogue: A Hate Story","쿠로 선배와 검은 저택의 어둠에서 헤매지 않아":"http://namu.wiki/w/ì¿ ë¡ ì ë°°ì ê²ì ì íì ì´ë ìì í¤ë§¤ì§ ìì","세계에서 제일 강해지고 싶어!":"http://namu.wiki/w/ì¸ê³ìì ì ì¼ ê°í´ì§ê³  ì¶ì´!","독요리":"http://namu.wiki/w/ëìë¦¬","스피파라":"http://namu.wiki/w/ì¤í¼íë¼","Little Star":"http://namu.wiki/w/Little Star","오토메펑션 - 나무위키":"https://namu.wiki/w/ì¤í ë©íì","위대한 독재자 - 나무위키":"https://namu.wiki/w/ìëí ëì¬ì","볼트 112 - 나무위키":"https://namu.wiki/w/ë³¼í¸ 112","결혼반지 이야기 - 나무위키":"https://namu.wiki/w/ê²°í¼ë°ì§ ì´ì¼ê¸°","메탈 울프 카오스 - 나무위키":"https://namu.wiki/w/ë©í ì¸í ì¹´ì¤ì¤","유녀전기 - 나무위키":"https://namu.wiki/w/ì ëì ê¸°","전쟁시대 - 나무위키":"https://namu.wiki/w/%EC%A0%84%EC%9F%81%EC%8B%9C%EB%8C%80","브레이블리 디폴트 - 나무위키":"https://namu.wiki/w/%EB%B8%8C%EB%A0%88%EC%9D%B4%EB%B8%94%EB%A6%AC%20%EB%94%94%ED%8F%B4%ED%8A%B8","마리얼레트리 - 나무위키":"https://namu.wiki/w/%EB%A7%88%EB%A6%AC%EC%96%BC%EB%A0%88%ED%8A%B8%EB%A6%AC","발리언트 하츠 : 더 그레이트 워 - 나무위키":"https://namu.wiki/w/%EB%B0%9C%EB%A6%AC%EC%96%B8%ED%8A%B8%20%ED%95%98%EC%B8%A0%20%3A%20%EB%8D%94%20%EA%B7%B8%EB%A0%88%EC%9D%B4%ED%8A%B8%20%EC%9B%8C"},"만화":{"19+":{"(C77) [Kaishaku] KAISHAKU P3P (Persona 3) (korean) - E-Hentai Galleries":"http://g.e-hentai.org/g/570483/eeada34bc6/","(C85) (同人誌) [Lazy★Lazy (梅干)] 耳なめぐらいおかしくないです! (アイドルマスター シンデレラガールズ).rar-토렌트torrent - BTKU.ORG":"http://ko.btku.org/detail/0wy46pc224qo83ee.html","-mariho- by hiroya - Read Online - hentai doujinshi | Hitomi.la":"https://hitomi.la/galleries/552269.html","18+ | Manga: “いまもキミはピカピカに光って” by をかだ [pixiv]":"http://www.pixiv.net/member_illust.php?mode=medium&illust_id=23541737","2d Comic Magazine Seitenkanshite Haramasarete Botehara End Vol. 2 | Hitomi.la":"https://hitomi.la/reader/803489.html#65","Addicted Lipps | Hitomi.la":"https://hitomi.la/reader/944396.html#1","Amai Junketsu | 달콤한 순결 | Hitomi.la":"https://hitomi.la/reader/973850.html#1","Boku No Hajimete Wa Bitch Gal | Hitomi.la":"https://hitomi.la/reader/744589.html#55","Cinderella, Lipps Service | Hitomi.la":"https://hitomi.la/reader/966036.html#1","Cirno ga Ouchi ni Yattekita! by kishiri toworu - Read Online - hentai doujinshi | Hitomi.la":"https://hitomi.la/galleries/332752.html","Class No Joshi-tachi To Shasei Asobi | Hitomi.la":"https://hitomi.la/reader/1055653.html#55","Damasiuchi | Hitomi.la":"https://hitomi.la/reader/982141.html#1","Das Leiden Von Schneeweisschen | Hitomi.la":"https://hitomi.la/reader/1064681.html#5","Dynasty Reader » Pairing › Yuyuko x Youmu":"http://dynasty-scans.com/pairings/yuyuko_x_youmu","Ecchi na Kousoku Tsukucchaimashita. Joushiki Kakigae de Yaritai Houdai! - Read Online - hentai doujinshi | Hitomi.la":"https://hitomi.la/galleries/867662.html","Enoshima-sensei No Dokkidoki Chouzetsubouteki Shasei Gasshuku | Hitomi.la":"https://hitomi.la/reader/972428.html#1","Envy by shikei - Read Online - hentai doujinshi | Hitomi.la":"https://hitomi.la/galleries/974085.html","Gaki Ni Modotte Yarinaoshi!!! | Hitomi.la":"https://hitomi.la/reader/998990.html#1","Gaki ni Modotte Yarinaoshi!!! - Read Online - hentai artistcg | Hitomi.la":"https://hitomi.la/galleries/905961.html","Gal Toka Bitch Toka Iroiro. Ch.1-6 | Hitomi.la":"https://hitomi.la/reader/905051.html#6","Gokinjo Sugi Sefri ~Gps Deaikei Appli De Kazoku Ya Tannin Ya Osananajimi To Deattara~ | Hitomi.la":"https://hitomi.la/reader/998709.html#15","Henai Heroism by gentsuki - Read Online - hentai manga | Hitomi.la":"https://hitomi.la/galleries/821116.html","High Elf × High School Shuugeki Hen Toujitsu | 습격편 당일 | Hitomi.la":"https://hitomi.la/reader/992200.html#1","Hokentaiiku Jisshuu Jugyou ~Onnanoko No Karada No Shikumi Hen~ | Hitomi.la":"https://hitomi.la/reader/979518.html#1","Immoral Tea Party + Paper | Hitomi.la":"https://hitomi.la/reader/920993.html#18","Immoral Tea Party 2 | Hitomi.la":"https://hitomi.la/reader/929906.html#1","Immoral Tea Party | Hitomi.la":"https://hitomi.la/reader/967427.html#1","Imouto wa Kyou mo Ecchi Dekinai. by mikami mika - Read Online - hentai doujinshi | Hitomi.la":"https://hitomi.la/galleries/764982.html","Ishi No Nai Tenshi Wa Boku No Sei Shori Yougu | Hitomi.la":"https://hitomi.la/reader/966169.html#1","JK no Hotaru-chan to Kekkon suru Houhou by jingrock - Read Online - hentai doujinshi | Hitomi.la":"https://hitomi.la/galleries/736608.html","Jikan wo tomeruttsu! by shimanto shisakugata - Read Online - hentai manga | Hitomi.la":"https://hitomi.la/galleries/831138.html","Junk Land | Hitomi.la":"https://hitomi.la/reader/487392.html#1","Junmusu | Hitomi.la":"https://hitomi.la/reader/976488.html#1","Kanojo Ga China Ni Kigaetara | 그녀가 치파오로 옷을 바꿔입었더니 | Hitomi.la":"https://hitomi.la/reader/909546.html#2","Konnani Yasashiku Saretano by kishizuka kenji - Read Online - hentai manga | Hitomi.la":"https://hitomi.la/galleries/575006.html","Konya Mo Anata To | Hitomi.la":"https://hitomi.la/reader/956578.html#1","M na Nitta to Do M na Minami by uron rei - Read Online - hentai doujinshi | Hitomi.la":"https://hitomi.la/galleries/966473.html","MAGNUM KOISHI -COMPLETE- by imizu - Read Online - hentai doujinshi | Hitomi.la":"https://hitomi.la/galleries/761196.html","Mamono Tsukai Lv. 99 ~ Mazoku no Mesu wo Toraeta ~ - Read Online - hentai artistcg | Hitomi.la":"https://hitomi.la/galleries/764099.html","Maru Game by yamatogawa - Read Online - hentai manga | Hitomi.la":"https://hitomi.la/galleries/867020.html","Massage Oil De Syuko-chan O Momu Hon | Hitomi.la":"https://hitomi.la/reader/944935.html#1","Milky Pocket | Hitomi.la":"https://hitomi.la/reader/949825.html#1","Mio Mika Yui No Style Ga Chotto Ecchi Sugiru Tte Hanashi | Hitomi.la":"https://hitomi.la/reader/992109.html#16","Ninn Genn Yame Mashita : Denn Shi No Yousei Henn - Read Online - hentai artistcg | Hitomi.la":"https://hitomi.la/galleries/970380.html","Nudist Beach ni Syuugakuryokoude!! by shiwasu no okina - Read Online - hentai manga | Hitomi.la":"https://hitomi.la/galleries/842691.html","OFF SHOt 3 by oyari ashito - Read Online - hentai doujinshi | Hitomi.la":"https://hitomi.la/galleries/931639.html","Ore To Fate To One-room | Hitomi.la":"https://hitomi.la/reader/323134.html#1","Ore dake no M@STERPIECE 나만의 M@STERPIECE by miyamoto smoke, etc. - Read Online - hentai doujinshi | Hitomi.la":"https://hitomi.la/galleries/700939.html","Otto No Douryou Ni Kako No Gakusei No Koro No Watashi To Genzai No Hitozuma No Watashi Ga Tanezuke Sarechau Ohanashi Sonogo | Hitomi.la":"https://hitomi.la/reader/1051920.html#1","Otto No Douryou Ni Kako No Gakusei No Koro No Watashi To Genzai No Hitozuma No Watashi Ga Tanezuke Sarechau | Hitomi.la":"https://hitomi.la/reader/1051547.html#1","Ou-sama Appli - King App | Hitomi.la":"https://hitomi.la/reader/827053.html#7","Overtime | Hitomi.la":"https://hitomi.la/reader/920228.html#1","Pure Bitch Club | Hitomi.la":"https://hitomi.la/reader/813766.html#1","Reading Midara Books Hentai - 1: Midara Books [END] - Page 52 hentai manga online at Hentai2Read.":"http://hentai2read.com/midara_books/1/52/","Saint Yurigaoka Jogakuen Seido-kai Ch.3 | Hitomi.la":"https://hitomi.la/reader/960421.html#1","Sannin Smile | Hitomi.la":"https://hitomi.la/reader/919929.html#3","Sarani, Kaede-san To Yukkuri Aibu Suru Hon | Hitomi.la":"https://hitomi.la/reader/983110.html#1","Shiawase Na Jikan | Hitomi.la":"https://hitomi.la/reader/789152.html#1","Shojo Shoumeisho Ga Haji Ni Naru Sekai | Hitomi.la":"https://hitomi.la/reader/1065576.html#1","Strength and by mda starou - Read Online - hentai doujinshi | Hitomi.la":"https://hitomi.la/galleries/883979.html","Summer Halation | Hitomi.la":"https://hitomi.la/reader/746410.html#1","Sweet Sweat Ch. 1 | Hitomi.la":"https://hitomi.la/reader/715286.html#2","Sword Of Asuna | Hitomi.la":"https://hitomi.la/reader/825235.html#2","Teisou Gyakuten Sekai by amahara - Read Online - hentai doujinshi | Hitomi.la":"https://hitomi.la/galleries/808210.html","Ura School Idol | Hitomi.la":"https://hitomi.la/reader/824001.html#1","Watakushi, Kodomo Ja Arimasen No Yo | Hitomi.la":"https://hitomi.la/reader/957622.html#1","Watashi No, Onii-chan | Hitomi.la":"https://hitomi.la/reader/835807.html#1","Yarazu No Ame | Hitomi.la":"https://hitomi.la/reader/860886.html#1","Yasashiku shite ne Satori-sama + Itou Life rakugaki hon soushuuhen by itou life - Read Online - hentai doujinshi | Hitomi.la":"https://hitomi.la/galleries/776565.html","Yousei Shutsugen | Hitomi.la":"https://hitomi.la/reader/996462.html#1","Yuuwaku Terror | Hitomi.la":"https://hitomi.la/reader/986339.html#1","[しでん晶] 貧乳巨乳history &gt; 성인 망가 만화 &gt; 자놀 -무료 커뮤니티 야 동 무료 야 사 우리카지노 온라인카지노 월드카지노 소라넷 소라넷 주소 릴게임 노출":"http://janor.net/bbs/board.php?bo_table=comic1&wr_id=4099","[楓牙] 여름날의 약속 완전판 - Imgur":"http://imgur.com/a/8VJQy/","the idolmaster | Hitomi.la":"https://hitomi.la/series/the idolmaster-korean-2.html","yanagida fumita | Hitomi.la":"https://hitomi.la/artist/yanagida fumita-korean-1.html","yoshiie | Hitomi.la":"https://hitomi.la/artist/yoshiie-korean-1.html","こんなにも愛おしい零 | Hitomi.la":"https://hitomi.la/reader/983245.html#1","ほろ酔い 泥酔 自己陶酔 by akitsuki itsuki - Read Online - hentai manga | Hitomi.la":"https://hitomi.la/galleries/935100.html","オレの妹は生意気ビッチ | Hitomi.la":"https://hitomi.la/reader/462935.html#143","ピザと小獸 by hitagiri - Read Online - hentai manga | Hitomi.la":"https://hitomi.la/galleries/410890.html","人間操りアイテム もしもデリヘル | Hitomi.la":"https://hitomi.la/reader/827584.html#2","水着でお勉強 COMIC LO 2014-11 by fuyuno mikan - Read Online - hentai manga | Hitomi.la":"https://hitomi.la/galleries/767491.html","라이네스트의 온갖 덕질 블로그 :: 번역] 내청코 동인지 유키농한정":"http://hahahahahahahahmanga.tistory.com/2","완전 빡친 시부린, 상냥한 시부린 - Fuwarinn":"http://fuwarinn.com/postview.php?no=213","Kanmusu Hatsujou Collection | 칸무스 발정 콜렉션 | Hitomi.la":"https://hitomi.la/reader/1100244.html#2","Akuma No Memochou ～Chicken-kun, Haikyuu Shoujo To Yume O Miru～ | Hitomi.la":"https://hitomi.la/reader/1180981.html#1","Ane Naru Mono | Hitomi.la":"https://hitomi.la/reader/903637.html#30","Chijoku No Toriko ~Yukino Senpai Wa Boku No Iinari~ (Decensored) | Hitomi.la":"https://hitomi.la/reader/1180383.html#2","Hedonic Nerve | Hitomi.la":"https://hitomi.la/reader/1150290.html#3","Iinchou Wa Class No Ninshin Pet 2 | 위원장은 우리반의 임신 전용펫 2 | Hitomi.la":"https://hitomi.la/reader/1182205.html#1","Makotoni Zannen Desu Ga Bouken No Sho 2 Wa Kiete Shimaimashita. | Hitomi.la":"https://hitomi.la/reader/1182471.html#1","Marked-girls Vol.9 | Hitomi.la":"https://hitomi.la/reader/955307.html#3","Matoba Risa-chan De Manabu Doubutsu No Koubi | Hitomi.la":"https://hitomi.la/reader/1080452.html#1","Nuento | Hitomi.la":"https://hitomi.la/reader/1182275.html#1","Programmed World | Hitomi.la":"https://hitomi.la/reader/1147349.html#25","Shizuku San Showtime☆ | 시즈쿠 누나 쇼타임☆ | Hitomi.la":"https://hitomi.la/reader/1179273.html#2","Tachibanasanwa Yasashikute… | Hitomi.la":"https://hitomi.la/reader/1149897.html#1","Touhou Tsf 3 Sakuya Ni Hyoui | Hitomi.la":"https://hitomi.la/reader/1163344.html#24","Tsuwamonodomo Ga Yume No Ato | Hitomi.la":"https://hitomi.la/reader/995095.html#1","Vr Taiken-kai | Hitomi.la":"https://hitomi.la/reader/1182100.html#1","Yuwaku-sen Onna Rei | Hitomi.la":"https://hitomi.la/reader/662614.html#127","yuzuki n dash | Hitomi.la":"https://hitomi.la/artist/yuzuki%20n%20dash-korean-1.html","능력자 결손 소녀 시리즈 | Hitomi.la":"https://hitomi.la/reader/1198903.html#1-","Saimin Marionette ~Musubi~ | 최면 마리오네트 ~결말~ | Hitomi.la":"https://hitomi.la/reader/1198787.html#1-"},"[단편] 너와 나의 연애상담 | MANGAUMARU 4.0":"http://www.mangaumaru.com/archives/382473","하이하이 - 유명 사이트 대충 둘러보자":"http://softhi.tistory.com/197","마법사와 제자의 부적절한 관계 1화":"http://blog.daum.net/soup0915/26","톨보이-[칸코레갤러리]":"http://m.dcinside.com/view.php?id=kancolle&no=578642&page=1&search_pos=&s_type=search_name&s_keyword=ê³ ì¶ë³ì ","근 일주일간 무도갤 상황.manhwa - 무한도전":"https://archive.is/3DeyG","근 한달 간 커뮤니티 이미지.manhwa(BGM 有)-[무한도전갤러리]":"http://m.dcinside.com/view.php?id=muhan&no=1455566&page=1&search_pos=-1432812&s_type=search_all&s_keyword=ì¥ì¡","개드립 - 맹모씨가 봐야될 만화":"http://www.dogdrip.net/74379297","어마금 관련 이야기 - 어마금 동인지 - ... : 카카오스토리":"https://story.kakao.com/ch/lastorder20001/EChyBZuzAy9","스님이 그린 죠죠패러디만화.jpg":"http://gaedrip.kr/5512631","MARUMARU - 마루마루 - 하늘의 혈맥 1-13화":"https://marumaru.in/b/mangaup/90724","꺽다리가 땅꼬마 괴롭히는 망가 + 추가 완결본.manhwa - 유머 - 애니뉴스":"http://subculture.co.kr/humor/1642386","오락실에서 게임하는 망가 .jpg | 루리웹":"http://bbs.ruliweb.com/hobby/board/300143/read/30396513","키 크고 가슴 큰 얀데레.toon | 루리웹":"http://bbs.ruliweb.com/hobby/board/300143/read/30462005","옛 전우와 재회하는 만화.manwha - 만화방 - 뀨잉":"http://www.qquing.net/comic/2387969","불안의 씨 + 1권 3화 | 마나스페이스":"https://manaa.space/post/jp2kr/akb9VqapvRlxdLAG","남녀공학고교의 현실 01화 | WasabiSyrup":"http://wasabisyrup.com/archives/1736600","청순여간부 블랙제네럴씨 24화 | WasabiSyrup":"http://wasabisyrup.com/archives/1781505","Ghost in the Shell: World by YNot1989 on DeviantArt":"https://ynot1989.deviantart.com/art/Ghost-in-the-Shell-World-202832805","[단편] e의 원점 단편 | 마나스페이스":"https://manaa.space/p/lk96Gq2wxyZA08QgN2nDEj1RMWBXOeQo","[소녀전선][단편][루리웹] 웰로드 부관 자리에서 강판당하는 만화":"http://www.typemoon.net/bbs/board.php?bo_table=write_intro&wr_id=79707","[소전 만화] 24화. 자체 조사 | 팬픽/패러디만화 | \t\t루리웹":"http://bbs.ruliweb.com/family/212/board/300064/read/30591480?","chunsang-trans.jpg (2339×3309)":"http://astronote.org/data/file/ancient/chunsang-trans.jpg","누이 되는자 1화 | WasabiSyrup":"http://wasabisyrup.com/archives/1535002","모바일 타입문넷 - 디지몬 링크즈와 디지몬 월드 넥스트 오더 공식 콜라보 일러스트 공개":"http://m.typemoon.net/plugin/mobile/board.php?bo_table=info&wr_id=72126","엘프랑 결혼하는 만화 | 유머 게시판 | 루리웹 모바일":"http://m.ruliweb.com/best/board/300143/read/36489637?page=1","천상열차분야지도 우리말 번역본을 올립니다.":"http://astronote.org/bbs/board.php?bo_table=ancient&wr_id=27679&page=3","누가 여자 컬링 대표 투샷으로 만화 표지를 만들었네요.":"http://www.typemoon.net/bbs/board.php?bo_table=freeboard&wr_id=1760101","zjffld":"https://blog.naver.com/bill137/221215842170"},"동영상":{"이성은 vs 마재윤 in 파이썬 ( Firebathero vs sAviOr ) - YouTube":"http://m.youtube.com/watch?v=Cw59uZSVmcg","[HD] Carnival Phantasm OP - YouTube":"http://www.youtube.com/watch?v=uvbaM-URygs","TENGEN OPPA GANGNAM LAGANN! - YouTube":"http://www.youtube.com/watch?v=949t3anhQmg","무겐소울즈Z 나오 - YouTube":"http://www.youtube.com/watch?v=VEP5u-gByK8","アニメ『対魔忍ユキカゼ』OPムービー - YouTube":"https://www.youtube.com/watch?t=15&v=FFbMmETKfIw","【GGXrd】エルフェルトちゃんに一撃必殺技をかけてみた【新キャラ】 - YouTube":"https://www.youtube.com/watch?v=GyEerE5qiZE#t=27","티비플 » 병맛같지만 존나귀여운 유카리 아게나이♡":"http://tvple.com/72586","동방 보드카 - YouTube":"https://www.youtube.com/results?search_query=ëë°©+ë³´ëì¹´","보컬로이드 Magnet - 하츠네 미쿠 , 메구리네 루카 (듣기 , 가사 , 리뷰 , 이미지) :: Review Blog! 보컬로이드 애니매이션 피규어 등":"http://socalledbest.tistory.com/m/44","Ar Tonelico - EXEC_PHANTASMAGORIA/. with Lyrics - YouTube":"https://www.youtube.com/watch?v=YWKSfdo9DT8&list=RDYWKSfdo9DT8&t=0","218. 地平を喰らう蛇 - YouTube":"https://www.youtube.com/watch?v=XxGFVxqILN0","相州戦神館學園 八命陣 『傾城反魂香』 - ListenOnRepeat":"http://listenonrepeat.com/watch/?v=PAPOCpm9pCw#%E7%9B%B8%E5%B7%9E%E6%88%A6%E7%A5%9E%E9%A4%A8%E5%AD%B8%E5%9C%92_%E5%85%AB%E5%91%BD%E9%99%A3_%E3%80%8E%E5%82%BE%E5%9F%8E%E5%8F%8D%E9%AD%82%E9%A6%99%E3%80%8F","죠죠의 기묘한 모험 1쿨 2쿨 3쿨 오프닝 모음 한글자막 - YouTube":"https://www.youtube.com/watch?list=PLeGbeSfP8OxhFcAlMngifzjmLqUYiI0pP&v=OyYqO3_niMw","죠죠의 기묘한 모험 1쿨 2쿨 3쿨 오프닝 모음 한글자막 - ListenOnRepeat":"http://listenonrepeat.com/watch/?v=OyYqO3_niMw#%EC%A3%A0%EC%A3%A0%EC%9D%98_%EA%B8%B0%EB%AC%98%ED%95%9C_%EB%AA%A8%ED%97%98_1%EC%BF%A8_2%EC%BF%A8_3%EC%BF%A8_%EC%98%A4%ED%94%84%EB%8B%9D_%EB%AA%A8%EC%9D%8C_%ED%95%9C%EA%B8%80%EC%9E%90%EB%A7%89","【結月ゆかり】名前のない怪物を歌ってもらった【PSYCHO-PASS】 - YouTube":"https://www.youtube.com/watch?v=TKVdImg2qHg&list=RDTKVdImg2qHg","JoJo's Bizarre Adventure All Openings Full「1-7」 - YouTube":"https://www.youtube.com/watch?v=qMDXTvueHKs","StarCrafts Season 5 Ep 6 Freedom Fighters - YouTube":"https://www.youtube.com/watch?v=IQaXrIR6Xog&feature=youtu.be&list=PL0QrZvg7QIgpoLdNFnEePRrU-YJfr9Be7","【音ゲーニコカラ】打打打打打打打打打打／BEMANIシリーズ - YouTube":"https://www.youtube.com/watch?v=wO0RwUZFOqc&list=RDwO0RwUZFOqc"},"텍스트":{"병법 36 계":"http://bme.snu.ac.kr/hospital/guide/meeting/July/º´¹ý36°è.htm","오늘의유머 - (빡침주의) 게이들이 여자한테 커밍아웃하기를 꺼리는 이유.txt":"http://m.todayhumor.co.kr/view.php?table=bestofbest&no=83839","[장문,분석] 여성시대는 어떻게 완패를 당하게 되었는가?.analysis - 무한도전":"http://gall.dcinside.com/board/view/?id=muhan&no=1411145&page=1&exception_mode=best","An Index to Creationist Claims":"http://www.rathinker.co.kr/paranormal/creationism/indexcc/list.html","인간♡실격님의 이글루 : 만우절 기념 『일편흑심』 외전 「무인도의 두 사람」.":"http://dazai.egloos.com/m/3144430","오늘의유머 - 강원랜드 글이 몇개 올라온거 같아..생생한 라이브 후기로...":"http://m.todayhumor.co.kr/view.php?table=panic&no=53914","오늘의유머 - 강원랜드 글이 몇개 올라온거 같아..생생한 라이브 후기2":"http://m.todayhumor.co.kr/view.php?table=panic&no=53926","존나좋군? 주인공이랑 사진찍은게 자랑-[자랑거리갤러리]":"http://m.dcinside.com/view.php?id=pride&no=249429&page=1","무늬만 고양이집 : 조교수와 학생의 숨막히는 대결":"http://cuttyshark.egloos.com/5106384","글 목록 :: 리리아나의 백합공간":"http://lilybin.tistory.com/m/tag/serebixi","[실험실의 플라스크(2L)] 의지할 수 없는 어른이 있는 P3":"http://www.typemoon.net/bbs/board.php?bo_table=ss_temp03&wr_id=177242","데스티니 -1- &gt; 번역판 | 아이커뮤":"https://www.idolmaster.co.kr/bbs/board.php?bo_table=trans&wr_id=148543","[동방]거유 슬랜더 바디가 괴물 취급인 환상향":"http://www.typemoon.net/bbs/board.php?bo_table=write_intro&wr_id=81339","[슈퍼파워2] 대한민국을 갓한민국으로 만들어보자 - 중세게임 마이너 갤러리":"http://gall.dcinside.com/mgallery/board/view/?id=aoegame&no=2833483&page=1&search_pos=-2818895&s_type=search_name&s_keyword=Chocobo","[프린세스 메이커1] 누구나 쉽게 따라하는 강한 여왕 만들기 - 중세게임 마이너 갤러리":"http://gall.dcinside.com/mgallery/board/view/?id=aoegame&no=2864945&page=1&search_pos=&s_type=search_name&s_keyword=Chocobo","전생 전에 주인공진다 예의 아무것도없는 공간에서 아니나 다를까 하나님과 대면 버렸지 만 최근 귀여운 그녀가 할 수 있기 때문에 절대로 세상으로 돌아가고 싶다 남자 이야기":"https://ncode.syosetu.com/n5143ej/","흑 백 흑 백 흑 백 흑 백 흑 백 회색 - SCP 재단":"http://ko.scp-wiki.net/black-white-black-white-black-white-black-white-black-white","dataurl":"https://davidwalsh.name/convert-image-data-uri-javascript","MyNotepad :: 초 간단 테트리스 소스코드":"http://mynotepad.tistory.com/287","RFC 2557 - MIME Encapsulation of Aggregate Documents, such as HTML (MHTML)":"https://tools.ietf.org/html/rfc2557","수정본 - SCP 재단":"http://ko.scp-wiki.net/revised-entry","[2018-01-03 글수정]갓겜 빵집소녀 번역글 - 빵집소녀 마이너 갤러리":"http://gall.dcinside.com/mgallery/board/view/?id=bjsn&no=79&page=1","zTrix/webpage2html: save/convert web pages to a standalone editable html file for offline archive/view/edit/play/whatever":"https://github.com/zTrix/webpage2html","\nBLIT - a short story by David Langford\n":"http://www.infinityplus.co.uk/stories/blit.htm","jjeong :: [Javascript] English to Korean (영문 한글 전환)":"http://jjeong.tistory.com/1174","누구나가 다 이해할 수 있는 프로그래밍 첫걸음 - JAVA 강좌 9편. 제어문 (2)":"http://blog.eairship.kr/96?category=431864","아부 사이프의 전투의 예술(Kunst des Fechten)":"http://zairai.egloos.com/m/5889698","타입문넷":{"Fate/Machina order 프롤로그":"http://www.typemoon.net/bbs/board.php?bo_table=ss_tm&wr_id=78490&sca=&sfl=wr_subject&stx=machina&sop=and","(아포크리파) 푸르게 출렁이는 외전에서 [서장 : 그 영웅은]":"http://www.typemoon.net/bbs/board.php?bo_table=ss_tm&wr_id=79312&sca=&sfl=wr_subject&stx=%ED%91%B8%EB%A5%B4%EA%B2%8C&sop=and&page=2","9차] 반그 님이 성배전쟁에 노래를 울려퍼지게 하는 것이오[캐릭터설정/OP]":"http://www.typemoon.net/bbs/board.php?bo_table=ss_tm&wr_id=65257&sca=AA&page=7","[AA/앵커] 저 깊은 던전에서 추구하는 것은?":"http://www.typemoon.net/bbs/board.php?bo_table=write_intro&wr_id=80647","내 소꿉친구가 발판전생자라 고생인데 어쩌면 좋을까? - 1":"http://www.typemoon.net/bbs/board.php?bo_table=ss_temp03&wr_id=177682&sca=&sfl=wr_subject&stx=%EB%B0%9C%ED%8C%90&sop=and&page=2","세상을 살다보면 별의별 빌런들은 다 보게 되지요":"https://www.typemoon.net/bbs/board.php?bo_table=freeboard&wr_id=1718466&sca=&sfl=wr_subject%7C%7Cwr_content&stx=%ED%83%80%EC%9D%B4%EC%BF%A4&sop=and","영웅이 되고 싶다고 소년은 생각했다 2화 - 풍요의 여주인":"http://www.typemoon.net/bbs/board.php?bo_table=ss_temp01&wr_id=153549&sca=%EB%8D%98%EB%A7%8C%EC%B6%94&sfl=wr_subject&stx=%EC%98%81%EC%9B%85%EC%9D%B4&sop=and&page=2","가면라이더 그론기가 있어도 괜찮지 않을까 5":"http://www.typemoon.net/bbs/board.php?bo_table=aa_kumo&wr_id=2397&sca=%EA%B0%80%EB%A9%B4%EB%9D%BC%EC%9D%B4%EB%8D%94+%EA%B7%B8%EB%A1%A0%EA%B8%B0&spt=-7220&page=2"}},"기타":{"웨딩뮤즈 - 일러스트 - 네오아니메":"http://www.neoanime.co.kr/illu/3215999","여시후기":"http://i.imgur.com/nC0Y9hP.jpg","뒤틀린 황천의 태아튀김.jpg : MLBPARK":"http://mlbpark.donga.com/mbs/articleV.php?mbsC=bullpen2&mbsIdx=2535042&set=ml_2535042","옥션 - [디씨워치] - 1+1행사 남자시계 오토메틱시계 메탈시계 손목시계":"http://itempage3.auction.co.kr/DetailView.aspx?ItemNo=A735263889&keyword=½Ã°è&scoredtype=2","Amanda Seyfried in 'The Way We Get By' - Gfycat":"https://gfycat.com/DownrightSoupyGull#","【東方】魂魄妖夢の画像下さい【画像大量】 : あとろぐ速報":"http://atolog69.com/archives/24384536.html","앨리스마가트로이드의 저택":"http://egloos.zum.com/AliceTMU/v/231329","역시 내 청춘 러브코메디는 잘못됐다 2기 OP - 春擬き(はるもどき) 하루모도키 [야나기나기] - 브금저장소 :: 세상의 모든 브금! BGM STORE":"http://bgmstore.net/view/wQc2f","アイドルマスターシンデレラガールズ | Illustration: “こしあんしょうこうめに睨んでほしい” by きんぎん [pixiv]":"http://www.pixiv.net/member_illust.php?mode=medium&illust_id=48210675","벽치기":"http://blog.enzoy.pe.kr/attach/1/1176340299.gif","죽음을 받아들이는 5단계 - 정준하-[마이 리틀 텔레비전갤러리]":"http://m.dcinside.com/view.php?id=littletv&no=88721&page=1&exception_mode=recommend","폴아웃3 사이드 여행기 24 [야오과이동굴~던위치빌딩] : 네이버 블로그":"http://m.blog.naver.com/reilrose/80119894590","니들 대학가 술자리에서 법대생들이랑은 싸움붙지마라.. 레알이다..jpg -[이전 스타크래프트갤러리]":"http://m.dcinside.com/view.php?id=starcraft&no=5694215&page=","3D 모델링을 처음 접한다면 금방 따라할 수 있는 무료 프로그램 Autodesk 123D Design | 스마트베리":"http://www.sm-berry.com/portfolio/123d-design/","세이브 데이터 교체한 검은방4 Hex Editor로 인증오류 해결 :: WhiteBear의 잡동사니":"http://whpcs.kr.pe/122","레이튼교수와 최후의 시간여행 공략 - 프롤로그 (1) : 네이버 블로그":"http://m.blog.naver.com/ppoppo112730/70179282284","레바 님의 트위터 계정: \"@이돌읭읭이 http://t.co/JglIob0Q8v\"":"https://mobile.twitter.com/twit_reva/status/557078839747039232/video/1","「18 DRAGONS」/「kannnu@砲雷N-28」の漫画 [pixiv]":"http://touch.pixiv.net/member_illust.php?mode=manga&illust_id=40401279","「橘ありす１７歳」/「みすみ」のイラスト [pixiv]":"http://touch.pixiv.net/member_illust.php?mode=medium&illust_id=55456293&p=1","Bookmarks":"file:///storage/emulated/0/Download/bookmarks_16. 7. 1..html","Fallout Shelter Save Editor – Raxdiam":"http://raxdiam.com/fosse/","Float (IEEE754 Single precision 32-bit) Converter":"http://www.binaryconvert.com/convert_float.html","Javascript URL Base64 인코딩/디코딩 - 신규하 블로그":"http://gyuha.tistory.com/291"},"aaa":{},"루리웹 ":{}},"메이저 사이트":{"구글":"http://www.google.co.kr/","NAVER":"http://www.naver.com/","다음":"http://www.daum.net/","위키백과":"http://ko.m.wikipedia.org/","네이트":"http://www.nate.com/","Picasa":"http://picasaweb.google.com/","MSN":"http://www.msn.com/","Facebook":"http://www.facebook.com/","대한민국 1등 인터넷 쇼핑! G마켓 모바일":"http://mobile.gmarket.co.kr/","Dragon Cave - Register":"https://dragcave.net/","MEGA":"https://mega.nz/fm/Zm4G2JhR","OpenCode":"http://www.opencode.co.kr/","Play Age of War, and more Action Games! | Max Games":"http://www.maxgames.com/play/age-of-war.html","네이버 N스토어":"http://nstore.naver.com/movie/detail.nhn?productNo=2909332","문자동맹 오픈마켓 [홈]":"http://www.munjanet.com/front/productlist.php?code=006003000000","일러스트 커뮤니케이션 서비스 [pixiv(픽시브)]":"https://www.pixiv.net/","키덜트 전문샵 매니아 하우스":"http://www.maniahouse.co.kr/"},"일반":{"읽을거리":{"텍스트":{"번역":{"2ch":{"글 목록 :: ▒ VIP 퀄리티 ▒ ⊂二二( ＾ω＾)二⊃":"http://vip2ch.tistory.com/m/post","글 목록 :: 비 내리는 날의 홍차 두 잔":"http://expresso.tistory.com/m/post","괴이공간":"http://storyis.blogspot.jp/?m=1","칼군의 퇴근후 틧타임":"http://carlyoun.blogspot.kr/","CookieBox":"http://naridy.egloos.com/m/","심신미약의 더스크 하우스":"http://HRDSK.egloos.com/m/","빌트군의 빌트라테이션 : 만약 4차 성배전쟁에 5차 아처가 참전했다면?":"http://gomdol1012.egloos.com/m/5059411","[2ch 번역] 회고충「초대 포켓몬은 버그가 재미있었어, 요즘 애들은 불쌍해」나「수수께끼의 장소」 :: 샤미캣 2ch 번역관":"http://siame2ch.tistory.com/m/post/160","전파만세 - 리라하우스 제 3별관 :: 이치로 전설":"http://newkoman.mireene.com/tt/951"},"소설":{"web 소설 번역하는 분 : 네이버 블로그":"http://m.blog.naver.com/PostView.nhn?blogId=bill137&logNo=220437846325&categoryNo=157","이과생의 취미생활 : 네이버 블로그":"http://m.blog.naver.com/PostList.nhn?blogId=pthoon2&categoryNo=7","사키 팬픽을 번역하는 것 같다":"http://tomoei.egloos.com/m/","거미입니다만, 뭔가? 1 프롤로그 : 네이버 블로그":"http://m.blog.naver.com/dbsrl5987/220414666082#","좀비 넘치는 세계에서 나만이 공격받지 않아 40화 - 똥색사탕":"http://zzaturi.blog.fc2.com/blog-entry-139.html?sp","[번역] 페이트 엑스트라 : 단편 소설 - 세븐즈 필 (7) [마지막] : 네이버 블로그":"http://m.blog.naver.com/jgwkrrk/120171948969","테미tm테루 : 네이버 블로그":"http://m.blog.naver.com/PostList.nhn?blogId=apxmflrtm321&categoryNo=16","초보의 번역연습장 : 네이버 블로그":"http://m.blog.naver.com/PostList.nhn?blogId=tjsxkfh&categoryNo=6","바시소의 개인공간 : 네이버 블로그":"http://m.blog.naver.com/PostList.nhn?blogId=shov1002&categoryNo=42","스마의 번역용 : 네이버 블로그":"http://m.blog.naver.com/PostList.nhn?blogId=shj456127&categoryNo=1","마리의 마리화나 블로그 : 네이버 블로그":"http://m.blog.naver.com/PostList.nhn?blogId=marieblog&categoryNo=57","심심한 녀석의 별 것 없는 번역 블로그 : 네이버 블로그":"http://m.blog.naver.com/PostList.nhn?blogId=tjrrb0404&categoryNo=28","애오 번역 : 네이버 블로그":"http://m.blog.naver.com/PostList.nhn?blogId=ki_6266&categoryNo=1","큐빅의 잡다한 블로그 : 네이버 블로그":"http://m.blog.naver.com/PostList.nhn?blogId=ha98222","pSykerSS 번역일기 : 네이버 블로그":"http://m.blog.naver.com/PostList.nhn?blogId=psykerss&categoryNo=16","전생해서,\"싸우는 메이드~4.소개 : 네이버 블로그":"http://m.blog.naver.com/ghj9301/220466060260","ABEND의 블로그 : 네이버 블로그":"http://m.blog.naver.com/PostList.nhn?blogId=iueneui&categoryNo=1","tmdfl3732의 블로그 : 네이버 블로그":"http://m.blog.naver.com/PostList.nhn?blogId=tmdfl3732&categoryNo=16","호두파이 번역 공방 : 네이버 블로그":"http://m.blog.naver.com/PostList.nhn?blogId=walnut-pie","시이카의하루 : 네이버 블로그":"http://m.blog.naver.com/PostList.nhn?blogId=bfgh789&categoryNo=482","세상에 지치고 힘들 때 : 네이버 블로그":"http://m.blog.naver.com/PostList.nhn?blogId=holyzombi&categoryNo=116","1주에 10일은 쉬어야한다. : 네이버 블로그":"http://m.blog.naver.com/PostList.nhn?blogId=sound6974&categoryNo=14","뉴비의 블로그 : 네이버 블로그":"http://m.blog.naver.com/PostList.nhn?blogId=qmwnebr9&categoryNo=1","이나바의 최후의 도피처 : 네이버 블로그":"http://m.blog.naver.com/PostList.nhn?blogId=194528&categoryNo=55","[소설번역] 클락 워크 플래닛 제 02 권 - prelude : 네이버 블로그":"http://m.blog.naver.com/PostView.nhn?blogId=fpdhfldh2&logNo=150182419108","silver lining의 태피스트리 : 네이버 블로그":"http://m.blog.naver.com/PostList.nhn?blogId=greenwisp","일본 웹소설 번역 블로그 정리 6 : 네이버 블로그":"http://m.blog.naver.com/skidrow1995/220579489739","글 목록 :: 할거 많은 블로그":"http://sweetslemon.tistory.com/m/post","아이돌 마스터":"http://m.bbs2.ruliweb.daum.net/gaia/do/mobile/ruliweb/family/3468/list?bbsId=G006&searchKey=subjectNcontent&itemId=548&sortKey=depth&searchValue=To+my+first+star&pageIndex=1","치에리님의 블로그":"http://m.blog.naver.com/ltj0524","글 목록 :: 철컹! 철컹! - 아이마스 SS":"http://thonosihki.tistory.com/m/post","이사장「딸이 모녀상간내용의 에로책을 숨기고 있었어……」 :: 러브라이브 SS번역 도서관":"http://sslibrary.tistory.com/m/post/1914"},"기타":{"Bizarre(o) Blog. ＼(^ω^)/ : 카테고리 &lt; 세상 이야기":"http://coldice.egloos.com/category/ì¸ì ì´ì¼ê¸°","Daum 블로그":"http://m.blog.daum.net/_blog/_m/articleList.do?blogid=0oRuT"}},"창작":{"조아라 : 문화의 시작 - 작품":"http://www.joara.com/literature/view/book_list.html?sl_category=ltnovel","모바일 타입문넷":"http://m.typemoon.net/plugin/mobile/","JOARA":"http://mw.joara.com/#/","삼각목마가 있는 고문실, 남자용(?;) : 카테고리 &gt; 미소녀 용을 사귀는 방법":"http://shimuy.egloos.com/m/category/ë¯¸ìë ì©ì ì¬ê·ë ë°©ë²","[AA/앵커]포켓몬스터 온라인 Reunion 2@앵커 - 스레딕":"http://threadic.com/anchor/1450234045/"},"원어":{"SS 투고 게시판":"http://www.mai-net.net/bbs/sst/sst.php?act=dump&cate=tiraura&all=26044&n=0#kiji","やる夫達のいる日常":"http://yaruonichijou.blog.fc2.com/","俺の考えた最強のギャルゲーだったらこんなことにはならなかったのに！":"http://ncode.syosetu.com/n4805br","스토빤의 VR 게임 마녀가되는 이야기 - 하멜":"http://novel.syosetu.org/14238/#","コンマで聖杯戦争のSSまとめ検索 - SSまとめ速報":"http://ssmatomesokuho.com/thread/list?word=èæ¯æ¦äº&title=ã³ã³ãã§èæ¯æ¦äº&category=0&character=&tag=0&compilation=0&res_count_min=&res_count_max=&trip=&date_min_year=2008&date_min_month=6&date_min_day=1&date_max_year=2014&date_max_month=4&date_max_day=6&sort=completion_d","やる夫はカゲ使いのようです　その１ - ぶらりとやる夫":"http://buraritoyaruo.blog79.fc2.com/blog-entry-2.html"}},"위키":{"SCP 재단":"http://ko.scp-wiki.net/","나무위키:대문 - 나무위키":"https://namu.wiki/w/ëë¬´ìí¤:ëë¬¸","리브레 위키":"https://librewiki.net/wiki/ë¦¬ë¸ë _ìí¤:íê´"},"기타":{"PERSONA 4 The Golden 공략 모음 | Daum 루리웹":"http://bbs1.ruliweb.daum.net/gaia/do/ruliweb/family/1946/read?bbsId=G001&articleId=5185981&itemId=80264","초보자를 위한 C 언어 강좌 - 씹어먹는 C 언어 (완결) :: Programming IT":"http://itguru.tistory.com/m/post/130","러브라이브! 팬사이트 :: 가사 - [번역] 僕らのLIVE 君とのLIFE(우리들의 Live 그대와의 Life)":"http://lovelive.kr/lyrics/2866","Nice cheat. (동방 프로젝트 치트)":"http://cheater.seesaa.net/s/","\" MAZAHS! \" : 네이버 블로그":"http://m.blog.naver.com/PostList.nhn?blogId=dave45&categoryNo=14&logCode=0&categoryName=ëì§ìÂ ê¸°ì ","Dive Into Greasemonkey":"http://coreapython.hosting.paran.com/diveintogreasemonkey/diveintogreasemonkey.html","[quickbms 강좌 12 중급] comtype으로 압축 정보를 알아내자 - 울펜슈타인 올드 블러드 *.resource : 네이버 블로그":"http://m.blog.naver.com/physics1114/220352892069","샬롯! 당신이 차에 치였다고 전화가 왔어! : 루트 분기. 데빌서바이버":"http://waterlotus.egloos.com/m/2353329","드래곤즈크라운 ■ 공략모음 ■ | 루리웹":"http://bbs.ruliweb.com/game/ps/78225/board/read/6073278","プロデューサー検索 - deresute.me":"https://deresute.me/","CodEdit : 네이버 카페":"http://m.cafe.naver.com/gameedit.cafe","C++ 강좌 14편. 상속 오버라이딩과 가상 함수, 그리고 다중 상속 :: 누구나가 다 이해할 수 있는 프로그래밍 첫걸음":"http://blog.eairship.kr/m/175","Adar's story writing":"http://adar.egloos.com/m/1126924","Format and Version Information - QR Code Tutorial":"https://www.thonky.com/qr-code-tutorial/format-version-information","흄노서버 한글해석 :: 흄노서버 한글해석":"http://hymmnos.tistory.com/"},"공개 룰북":{"페이트 코어 한국어 공개판":"https://sites.google.com/site/fatecorekr/home","페이트 시스템 툴킷 한국어 공개판":"https://sites.google.com/site/fatesystemtoolkitkr/","기동형 페이트 한국어 공개판":"https://sites.google.com/site/fateaccelkr/","던전월드 한국어 공개판":"https://sites.google.com/site/dungeonworldkr/home"}},"볼거리":{"만화":{"19+":{"Recently Added | Hitomi.la":"https://hitomi.la/index-korean-1.html","ExHentai.org":"https://exhentai.org/","프록시":{"E-Hentai.org -- Free Hentai, Doujinshi, Manga, CG Sets, H-Anime":"http://e-hentai.org/"},"번역":{"[High-Spirit (あおぎりぺんた)] じょそオナ・エクスタシス 1 &gt; [실시간] 무료 감상 | 헬븐넷":"https://hellven.net/bbs/board.php?bo_table=freestream&wr_id=1160","Daum 블로그":"http://m.blog.daum.net/_blog/_m/articleList.do?blogid=0fgC8","(C76) NEKO PARADISE (네코 파라다이스) : 네이버 블로그":"http://m.blog.naver.com/dkdkdlelwk/70074386158","정장추남저":"http://blog.daum.net/_blog/BlogTypeView.do?blogid=04iG8&articleno=11674994&categoryId=0&regdt=20070205192018","KIMTELLME | 게임 및 애니메이션을 주로 다룹니다. [manga/exhen]":"http://kimtellme.org/","번역망가":"http://en-77.com/xe/index.php?mid=moe_magakr&page=3"},"영문":{"FAKKU - All About Hentai!":"https://www.fakku.net/","Pururin - Free Online Hentai Manga and Doujinshi Reader":"http://pururin.com/","Manga.Today - Free Manga, Daily update..":"http://manga.today/","hentai manga, hentaicore, Doujinshim hentai comic, Sourse of free hentai, H-anime":"http://hentaifan.net/","nhentai: hentai doujinshi and manga":"https://nhentai.net/"},"원어":{"犯人に捕まった直斗は椅子に縛られて処女をこじ開けられていく。。【エロ同人誌・ペルソナ4】｜エロ漫画学園-エロ同人誌・二次画像・エロアニメ-":"http://erogaku.com/blog-entry-368.html","すまどーじん スマホで無料同人誌☆":"http://smahodj.net/index.php","エロ虹速報":"http://eronijisokuho.com/"},"성인번역판 1 페이지 | 아이커뮤":"https://www.idolmaster.co.kr/bbs/board.php?bo_table=transgen"},"창작":{"글 목록 :: 레바티스토리":"http://mister1315.tistory.com/m/post","시궁창401번지":"https://alpacacomics.com/21/","던파 결투장보상받는만화  : 네이버 블로그":"http://m.blog.naver.com/PostView.nhn?blogId=mister1315&logNo=120208021782","니테(NiTe) : 네이버 블로그":"http://m.blog.naver.com/PostList.nhn?blogId=ku3456","고지라군의 만화공방":"http://giyuu.egloos.com/m/","레진코믹스 - 프리미엄 웹툰 &amp; 만화 서비스":"http://www.lezhin.com/#home","자율공상축구탐구만화":"http://news.naver.com/sports/index.nhn?category=worldfootball&ctg=cartoon&mod=read&id=1019&office_id=360&article_id=0000000095","2차원 개그 시즌2 : 네이트 만화":"http://m.comics.nate.com/main/info?btno=48742&bsno=343644&order=up","[pixiv] 일러스트 커뮤니케이션 서비스":"http://touch.pixiv.net/","「GAGAGA」의 작품 [pixiv]":"http://touch.pixiv.net/member_illust.php?id=29202","「闇GA」${1}의 프로필 [pixiv]":"http://touch.pixiv.net/member.php?id=6594311","「猫頭巾」의 작품 [pixiv]":"http://touch.pixiv.net/member_illust.php?id=1574065","「YD@3日目東リ45b」의 작품 [pixiv]":"http://touch.pixiv.net/member_illust.php?id=853087","「こしあんしょうこうめに睨んでほしい」/「きんぎん」のイラスト [pixiv]":"http://touch.pixiv.net/member_illust.php?mode=medium&illust_id=48210675"},"번역":{"동인지":{"아이마스 MAMIX 동인지":"http://www.chuing.net/zboard/zboard.php?id=metc2&page=12&sn1=2&m_id=&divpage=1&sn=off&ss=on&sc=on&select_arrange=headnum&desc=desc&no=328","쿈코 동인지-사수좌의 홍차(있는거 없는거 전부올림,,,) : 네이버 블로그":"http://m.blog.naver.com/qudgus429/40117875564","猛虎光波斬! :: [なつのうみ] フニクリフニクラ (10/26)":"http://kerospinel.tistory.com/entry/ãªã¤ã®ãã¿-ããã¯ãªããã¯ã©-1026","오토메 파라노이아 :: ☁☀☁":"http://pedo.tistory.com/540","동방 프로젝트-야고코로 연구실 (드디어 풀버전!)":"http://blog.daum.net/k97-aioy/7954385"},"출판본":{"몬스터 1권 - 마나덕후":"http://mana8.net/?p=7888","» 나의 히어로 아카데미아 1~5화":"http://zangsisi.net/?p=2617","글 목록 :: KING박스":"http://king64179130.tistory.com/m/post","글 목록 :: 에미어책방":"http://cjsdkr432.tistory.com/m/post","만화좀 보라고!":"http://m.blog.daum.net/_blog/_m/articleList.do?blogid=0eJ8i","글 목록 :: 치하야의 TS Life":"http://mikachi.tistory.com/m/post","릴리의 지극히 개인적인 블로그 :: [번역] 비탄의아리아 AA 1권 - 01화 - 토오야마 킨지":"http://lilly1987.tistory.com/301","몽환신사 환상편 1화 전파탑 - 타카하시 요우.. : 네이버블로그":"http://blog.naver.com/saintjuste/58878738","MARUMARU - 마루마루":"http://marumaru.in/?r=home","Daum 블로그 사키 100~":"http://m.blog.daum.net/_blog/_m/articleList.do?blogid=0OQ86&beforePage=2&maxarticleno=278&minarticleno=223&maxregdt=20121002021130&minregdt=20120702084548&totalcnt=53&currentPage=1&categoryId=10","마나 스테이 나이트 09: 3월의 라이온 1화":"http://manastaynight09.blogspot.kr/2015/04/3-1_24.html?m=1",".":"http://m.blog.naver.com/sjm010312"},"웹코믹":{"[백합만화]탄지우 - 그들의 이야기(원제:SQ) 82화 : 네이버 블로그":"http://m.blog.naver.com/towalueur/220544359018","Daum 블로그 동방 웹코믹":"http://m.blog.daum.net/sniperriflesr/317","The CinM@s :: 카에데씨 과거만화":"http://atenta.tistory.com/508","글 목록 :: 덕테의 덕테짓 블로그":"http://thehayate.tistory.com/m/post","생무지의 이름뿐인 블로그":"http://yayo.egloos.com/m/","덕테의 덕테짓 블로그 | 徳泰物語":"http://duckte.gonetis.com/wordpress/","스탠드사안즈 : 네이버 블로그":"http://m.blog.naver.com/animalking/220318142230","akni ฅ^._.^ฅ 님의 트위터 계정: \"우즈린의 사이가 수상하다.타입별로 눈치채는 법 http://t.co/KqYZ76B6aJ\"":"https://mobile.twitter.com/akni105/status/626055003187380224","Goddess Office3 : 신데렐라 걸즈 극장 19~20화":"http://shunei.egloos.com/m/5676816","카에데 만화 :: 니야니야의 작업공간":"http://kkk5701.tistory.com/m/post/946","니야니야의 작업공간 [성인용]: Cocktail Party":"http://zxc9054.blogspot.kr/2014/01/cocktail-party.html?m=1&zx=c2d23a20ad00e12e","[번역] 이누가미씨와 네코야마씨 1화 (by 리라스테, 흑월아) {팀ASS} {1차 수정 완료} | KEY를 사랑하는 어느 번역가의 환상향":"http://powerpos1.tistory.com/entry/ì´ëê°ë¯¸-1í","Skeptical : 카테고리 &gt; 러셀의 찻주전자":"http://safranine.egloos.com/m/category/ë¬ìì ì°»ì£¼ì ì","만화로 알아가는 FGO 모음-[타입문갤러리]":"http://m.dcinside.com/view.php?id=typemoon&no=133818","글 목록 :: 재미없는 블로그":"http://remi0aisis.tistory.com/m/post","월요일의 쭉빵빵 :: spheniscidae":"http://spheniscidae.tistory.com/m/entry/ììì¼ì-ì­ë¹µë¹µ","아이커뮤":"http://idolmaster.co.kr/m/bbs/board.php?bo_table=trans","글 목록 :: 카사기의 ㅁㄴㅇㄹ":"http://kasagi.tistory.com/m/category/ë²ì­ ë§í/ì ë°ë ë¼ê±¸ì¦ ë§í <ã»ã¬ãã£éç£å>"}},"기타":{"#악마의로맨스 : 네이버 블로그":"http://m.blog.naver.com/BlogTagDetail.nhn?blogId=didwjddn6886&logNo=120127990747&tagName=ìë§ìë¡ë§¨ì¤","となりのヤングジャンプ : ワンパンマン":"http://tonarinoyj.jp/manga/onepanman/"}},"동영상":{"19+":{"(18禁アニメ) 黒*（クロイヌ）～気高き聖女は白濁に染まる～ #1 (高画質アプコン) 378MB - エロ動画 アダルト動画":"http://video.fc2.com/ja/a/content/20140213kWJvWGSw/"},"티비플 » 동영상":"http://tvple.com/videos","[동방탁유희]동방비상검(東方緋想劍) session 0 【SW2.0】 : 네이버 블로그":"http://m.blog.naver.com/ssj987/220511839569"},"기타":{"잭 더 리퍼의 화이트채플":"http://yaksha.egloos.com/m/","애니메이션 커뮤니티 온나다":"http://onnada.com/","Dogbomber — Here it is, the Full Set of Undertale Tarot Cards!...":"http://dogbomber.tumblr.com/post/132310526044/here-it-is-the-full-set-of-undertale-tarot-cards","hyaloplasm":"http://iigyunyu.tumblr.com/"}},"다운받을거리":{"Automated PPSSPP builds":"http://buildbot.orphis.net/ppsspp/","텍본":"http://wtv365.com/board_LLWG36","PortableApps.com":"http://portableapps.com/","Bitsnoop P2P Search - 22.8 Million Valid Torrents":"http://bitsnoop.com/","NDS ROMS PSP ROMS PSX ROMS NES ROMS SNES ROMS GBA ROMS | Emuparadise":"http://www.emuparadise.mobi/","Kirito's Blog :: 동방프로젝트 시리즈":"http://kirito.tistory.com/73","アイドルマスター【THE IDOLM@STER】壁紙 - NAVER まとめ":"http://matome.naver.jp/odai/2136128360103759301","온디스크 :: 대한민국 최강! 파워풀컨텐츠. 온디스크":"http://m.ondisk.co.kr/index.php","welcome_page touhouinside":"http://www.touhouinside.com/","글 목록 :: W기술과 생활":"http://w3tech.tistory.com/m/post","Extensions Gallery - Android phone extensions gallery for Sleipnir Mobile Web browser":"http://extensions.fenrir-inc.com/"},"도구":{"ProHiro.com":"http://prohiro.com/?page_id=23#set_color","Unblock That Site":"http://unblockthatsite.net/","Population Clock":"http://www.census.gov/popclock/","닷지크롬 DodgeChrome":"http://dodgechrome.blogspot.kr/","Free Online YouTube Downloader: Download YouTube Videos, Facebook and many others!":"http://en.savefrom.net/","무료 프록시 사이트 모음 : FREE PROXY SERVER":"http://freeproxy.funstory.biz/index.php?c=JP","Body Builder":"http://www.bodyvisualizer.com/female.html","二次元画像詳細検索":"http://www.ascii2d.net/","SauceNAO Image Search":"http://saucenao.com/","Greasy Fork - safe and useful user scripts":"https://greasyfork.org/en","OpenUserJS":"https://openuserjs.org/","제이쿼리(jQuery) 선택자 - #1 :: 갱짱.study":"http://gangzzang.tistory.com/entry/ì ì´ì¿¼ë¦¬jQuery-ì íì","자바스크립트 함수모음!!! &gt; 개발자 팁자료실":"http://sir.kr/pg_tip/12306","HongFire.com | Anime | Manga | Games | MMORPG | Friendly Community":"http://www.hongfire.com/forum/showthread.php/432319-Hentai-Doujin-Downloader-(40-Sites)/page2","Fallout Shelter Save Editor – Raxdiam":"http://raxdiam.com/fosse/","Float (IEEE754 Single precision 32-bit) Converter":"http://www.binaryconvert.com/convert_float.html","Javascript URL Base64 인코딩/디코딩 - 신규하 블로그":"http://gyuha.tistory.com/291","Get .CRX Chrome Extension file, it's source code and download .CRX to your computer.":"http://crxextractor.com/","printer driver":"http://h30438.www3.hp.com/pub/softlib/software13/printers/SS/SL-M4030ND/M403x_Series_WIN_UPD_V3.00.04.01.01_CDV1.05.exe","Online Java IDE (javac 1.8.0_151)":"https://www.compilejava.net/"},"기타":{"Hannam University Portal":"https://portal.hannam.ac.kr/wps/index.jsp","看你有多色﹣暴走微遊戲":"http://game.ioxapp.com/color/","The HentaiVerse":"https://hentaiverse.org/","百度云 网盘-您的网络U盘":"http://pan.baidu.com/"}},"임시":{"Shiawase No Katachi No Guruguru Netachou 82 | Hitomi.la":"https://hitomi.la/reader/620423.html#5","Oyakotte Ii Na | Fathers And Daughters Sure Are Great | Hitomi.la":"https://hitomi.la/reader/814568.html#1","Kyoudai Tte Ii Na | Hitomi.la":"https://hitomi.la/reader/922408.html#1","Koyoripo | Hitomi.la":"https://hitomi.la/reader/936444.html#1","Love Selection | Hitomi.la":"https://hitomi.la/reader/325764.html#11","Sarashi-ai | 보여주는사랑 (Decensored) | Hitomi.la":"https://hitomi.la/reader/1040238.html#8","Kasshoku Otokonoko Deliheal No Erohon ~Yattekita Shimakaze-kun Wa Daigaku No Charai Kouhai De――?! Hen | Hitomi.la":"https://hitomi.la/reader/1061370.html#1","Metal Slug | Hitomi.la":"https://hitomi.la/reader/1032057.html#1","Haishin! Shimakaze-kun No Heya ~Toilet De Ibunnka Kouryuu Hen~ | Hitomi.la":"https://hitomi.la/reader/908735.html#1","Binkan Hoshuu | Hitomi.la":"https://hitomi.la/reader/951585.html#16","Tokai To Shiburin | Hitomi.la":"https://hitomi.la/reader/1002253.html#24","Danshi To Asobo☆ | Hitomi.la":"https://hitomi.la/reader/1060168.html#29"},"임시2":{"19+":{"Chaldea No Erohon | Hitomi.la":"https://hitomi.la/reader/1104028.html#1","Jeanne Alter Ni Onegai Shitai? | 잔느 얼터 에게 부탁 하고싶은? | Hitomi.la":"https://hitomi.la/reader/1104236.html#1","Shuten To Raikou No Yukemuri Daisakusen! 슈텐과 라이코의 모락모락 온천 대작전! | Hitomi.la":"https://hitomi.la/reader/1055761.html#1","Garigari 84 | Hitomi.la":"https://hitomi.la/reader/1059537.html#1","Garigari 82 | Hitomi.la":"https://hitomi.la/reader/1059581.html#1","Garden Night | Hitomi.la":"https://hitomi.la/reader/916766.html#1","Kanojo-gokko | 여친 놀이 | Hitomi.la":"https://hitomi.la/reader/1106079.html#1","Kuuboshibari | Hitomi.la":"https://hitomi.la/reader/1105196.html#10","Jc Rachitte Seikyouiku 2 | Hitomi.la":"https://hitomi.la/reader/1106296.html#1","Koishiki | 사랑공식 (The Idolm@ster Cinderella Girls)​ | Hitomi.la":"https://hitomi.la/reader/1106513.html#3","Koi+kan 2 | Hitomi.la":"https://hitomi.la/reader/1107011.html#6","Recently Added | Hitomi.la":"https://hitomi.la/index-korean-1.html","Enjo Kouhai 3 | Hitomi.la":"https://hitomi.la/reader/1109613.html#1","Uso No Kimi To Anoko No Himitsu | Hitomi.la":"https://hitomi.la/reader/1108990.html#1"},"aaa":{"Chou ☆ Ikeike Joshikousei No Atashi Ga Tada De Yarasete Agerundakara Kansha Shinasai Yo! | Hitomi.la":"https://hitomi.la/reader/1078362.html#1","Das Leiden Von Schneeweisschen | Hitomi.la":"https://hitomi.la/reader/1064681.html#5","Deepmuseum | Hitomi.la":"https://hitomi.la/reader/1075503.html#1","Gokinjo Sugi Sefri ~Gps Deaikei Appli De Kazoku Ya Tannin Ya Osananajimi To Deattara~ | Hitomi.la":"https://hitomi.la/reader/998709.html#14","Koutei Tokken Sextella | 황제특권 Sextella | Hitomi.la":"https://hitomi.la/reader/1077134.html#1","Otokoyu Ni Kita Onnanoko | 남탕에 온 여자 아이 | Hitomi.la":"https://hitomi.la/reader/1075036.html#1","Residence ~Yuganda Negai De Shoujo Ni Kawaru~ | Hitomi.la":"https://hitomi.la/reader/1078378.html#1","Watashi No Hou Ga Iindakara | Hitomi.la":"https://hitomi.la/reader/1078587.html#1","Zasshoku Yuusha Daiisshou | Hitomi.la":"https://hitomi.la/reader/1078687.html#1","mingaru | Hitomi.la":"https://hitomi.la/artist/mingaru-korean-1.html","대단해요 성도회장! / Amazing, Sex Prez! | Hitomi.la":"https://hitomi.la/reader/1064068.html#1"},"typemoon":{},"CYBERPUNK seoul | Tumblr":"https://www.tumblr.com/search/CYBERPUNK+seoul","VA-11 Hall-A: Cyberpunk Bartender Action on Steam":"http://store.steampowered.com/app/447530/VA11_HallA_Cyberpunk_Bartender_Action/","[GESU] 야루오는 다크 판타지에 전생하는 것 같습니다 105화, 106화":"http://www.typemoon.net/bbs/board.php?bo_table=ss_19&wr_id=157393","sylee0424/psydel":"https://github.com/sylee0424/psydel","로그라이크 이세계전생 - 66":"http://www.typemoon.net/bbs/board.php?bo_table=ss_tempaa&wr_id=315804","로그라이크 이세계전생 - 66 2":"http://www.typemoon.net/bbs/board.php?bo_table=ss_tempaa&wr_id=315804","아이커뮤":"https://idolmaster.co.kr/bbs/board.php?bo_table=trans","타입문넷":"http://www.typemoon.net/","Fallout Shelter Save Editor – Raxdiam":"http://raxdiam.com/fosse/","Float (IEEE754 Single precision 32-bit) Converter":"http://www.binaryconvert.com/convert_float.html","Javascript URL Base64 인코딩/디코딩 - 신규하 블로그":"http://gyuha.tistory.com/291"},"타입문넷":{"[AA] 네라우오는 성배전쟁에 난입하는 것 같습니다 07 &lt; 1일 (5) - 2일(1) &gt;":"https://www.typemoon.net/bbs/board.php?bo_table=fin_ss&wr_id=200070&sca=AA-Fate&page=14","쿄타로: 내가 삼학년?-3학년 시리즈-(1)":"http://www.typemoon.net/bbs/board.php?bo_table=ss_temp02&wr_id=102457&sca=%EC%82%AC%ED%82%A4&sfl=wr_subject&stx=3%ED%95%99%EB%85%84&sop=and&page=3","[헤타레양배추] 야루오는 미래를 위해 공주들을 농락하는 것 같습니다 1화":"http://www.typemoon.net/bbs/board.php?bo_table=ss_tempaa&wr_id=277593&sca=%ED%97%A4%ED%83%80%EB%A0%88%EC%96%91%EB%B0%B0%EC%B6%94&sfl=wr_subject&stx=%EB%AF%B8%EB%9E%98%EB%A5%BC&sop=and","유아전기 1화":"http://www.typemoon.net/bbs/board.php?bo_table=ss_tempaa&wr_id=258757&sca=%ED%97%A4%ED%83%80%EB%A0%88%EC%96%91%EB%B0%B0%EC%B6%94&page=6"},"【アイマス】 インビジブル　名探偵：高垣楓 5 億山邸事件編【ノベマス】 by sinapusu IDOLM@STER/Videos  - Niconico Video":"http://www.nicovideo.jp/watch/sm31922424?playlist_type=mylist&group_id=10403710&mylist_sort=1&ref=mylist_s1_p1_n281","황폐한 세계에서 야루오들이 사는 것 같습니다 51,52화":"http://www.typemoon.net/bbs/board.php?bo_table=aa_19&wr_id=42303&sca=%ED%99%A9%ED%8F%90%ED%95%9C+%EC%84%B8%EA%B3%84%EC%97%90%EC%84%9C&page=19","조아라 : 문화의 시작 - 작품":"http://www.joara.com/literature/view/book_list.html?sl_category=parody&list_type=faith","「無言」${1}의 프로필 [pixiv]":"https://www.pixiv.net/member.php?id=104247","반드시 기억해야 하는 CSS 선택자 30개":"https://code.tutsplus.com/ko/tutorials/the-30-css-selectors-you-must-memorize--net-16048","가사) 금기강림정원 세일럼 OST 『청럼한 Heretic』 | 타입문-페그오 | \t\t루리웹":"http://bbs.ruliweb.com/family/211/board/300557/read/2543959","aaa":"https://www.youtube.com/watch?v=Xz-Zcu7jV6M&index=32&list=RDwO0RwUZFOqc","APP-6A - 위키백과, 우리 모두의 백과사전":"https://ko.wikipedia.org/wiki/APP-6A","【亜種特異点】Fate/Grand Order -Epic of Remmnant- Fullメドレー - YouTube":"https://www.youtube.com/watch?v=rQdfGqWMWSg&index=1&list=RDrQdfGqWMWSg","ashnkumar/sketch-code: Keras model to generate HTML code from hand-drawn website mockups. Implements an image captioning architecture to drawn source images.":"https://github.com/ashnkumar/sketch-code","Utf8 string encode/decode using regular expressions":"https://gist.github.com/chrisveness/bcb00eb717e6382c5608"}}