<NotepadPlus>
    <Session activeView="0">
        <mainView activeIndex="2">
            <File firstVisibleLine="438" xOffset="0" scrollWidth="1448" startPos="14772" endPos="14772" selMode="0" lang="Javascript" encoding="-1" filename="C:\Users\Cyber\Downloads\bookmarks\all.js" />
            <File firstVisibleLine="0" xOffset="50" scrollWidth="1808" startPos="317" endPos="317" selMode="0" lang="HTML" encoding="-1" filename="C:\Users\Cyber\Downloads\bookmarks\popup.html" />
            <File firstVisibleLine="0" xOffset="441020" scrollWidth="456140" startPos="60078" endPos="60081" selMode="0" lang="Normal Text" encoding="-1" filename="C:\Users\Cyber\Downloads\bookmarks\bmk.json" />
        </mainView>
        <subView activeIndex="0" />
    </Session>
</NotepadPlus>
