<NotepadPlus>
    <Session activeView="0">
        <mainView activeIndex="1">
            <File firstVisibleLine="0" xOffset="0" scrollWidth="456" startPos="1" endPos="1" selMode="0" lang="Normal Text" encoding="-1" filename="C:\Users\Cyber\Downloads\bookmarks\manifest.json" />
            <File firstVisibleLine="324" xOffset="0" scrollWidth="1416" startPos="11625" endPos="11625" selMode="0" lang="Javascript" encoding="-1" filename="C:\Users\Cyber\Downloads\bookmarks\all.js" />
            <File firstVisibleLine="0" xOffset="577" scrollWidth="2119" startPos="354" endPos="354" selMode="0" lang="HTML" encoding="-1" filename="C:\Users\Cyber\Downloads\bookmarks\popup.html" />
        </mainView>
        <subView activeIndex="0" />
    </Session>
</NotepadPlus>
