<NotepadPlus>
    <Session activeView="0">
        <mainView activeIndex="4">
            <File firstVisibleLine="0" xOffset="0" scrollWidth="1" startPos="0" endPos="0" selMode="0" lang="JavaScript" encoding="-1" filename="C:\Users\Administrator\Downloads\all\background.js" backupFilePath="" originalFileLastModifTimestamp="1521798429" mapFirstVisibleDisplayLine="-1" mapFirstVisibleDocLine="-1" mapLastVisibleDocLine="-1" mapNbLine="-1" mapHigherPos="-1" mapWidth="-1" mapHeight="-1" mapKByteInDoc="0" mapWrapIndentMode="-1" mapIsWrap="no" />
            <File firstVisibleLine="0" xOffset="0" scrollWidth="1688" startPos="1070" endPos="1070" selMode="0" lang="CSS" encoding="-1" filename="C:\Users\Administrator\Downloads\all\content.css" backupFilePath="" originalFileLastModifTimestamp="1521944126" mapFirstVisibleDisplayLine="-1" mapFirstVisibleDocLine="-1" mapLastVisibleDocLine="-1" mapNbLine="-1" mapHigherPos="-1" mapWidth="-1" mapHeight="-1" mapKByteInDoc="512" mapWrapIndentMode="-1" mapIsWrap="no" />
            <File firstVisibleLine="0" xOffset="0" scrollWidth="712" startPos="0" endPos="0" selMode="0" lang="JavaScript" encoding="-1" filename="C:\Users\Administrator\Downloads\all\content.js" backupFilePath="" originalFileLastModifTimestamp="1521799076" mapFirstVisibleDisplayLine="-1" mapFirstVisibleDocLine="-1" mapLastVisibleDocLine="-1" mapNbLine="-1" mapHigherPos="-1" mapWidth="-1" mapHeight="-1" mapKByteInDoc="36527560" mapWrapIndentMode="-1" mapIsWrap="no" />
            <File firstVisibleLine="0" xOffset="0" scrollWidth="416" startPos="762" endPos="762" selMode="0" lang="JSON" encoding="-1" filename="C:\Users\Administrator\Downloads\all\manifest.json" backupFilePath="" originalFileLastModifTimestamp="1521937656" mapFirstVisibleDisplayLine="-1" mapFirstVisibleDocLine="-1" mapLastVisibleDocLine="-1" mapNbLine="-1" mapHigherPos="-1" mapWidth="-1" mapHeight="-1" mapKByteInDoc="-2147450880" mapWrapIndentMode="-1" mapIsWrap="no" />
            <File firstVisibleLine="557" xOffset="0" scrollWidth="2248" startPos="52562" endPos="52629" selMode="0" lang="JavaScript" encoding="-1" filename="C:\Users\Administrator\Downloads\all\pageobject.js" backupFilePath="" originalFileLastModifTimestamp="1521943966" mapFirstVisibleDisplayLine="-1" mapFirstVisibleDocLine="-1" mapLastVisibleDocLine="-1" mapNbLine="-1" mapHigherPos="-1" mapWidth="-1" mapHeight="-1" mapKByteInDoc="2097186" mapWrapIndentMode="-1" mapIsWrap="no">
                <Fold line="0" />
                <Fold line="62" />
                <Fold line="322" />
                <Fold line="557" />
                <Fold line="559" />
                <Fold line="577" />
                <Fold line="584" />
                <Fold line="595" />
                <Fold line="607" />
                <Fold line="621" />
                <Fold line="628" />
                <Fold line="641" />
                <Fold line="648" />
                <Fold line="678" />
                <Fold line="689" />
                <Fold line="716" />
                <Fold line="742" />
                <Fold line="751" />
                <Fold line="767" />
                <Fold line="831" />
                <Fold line="1132" />
                <Fold line="1175" />
                <Fold line="1204" />
                <Fold line="1248" />
                <Fold line="1309" />
                <Fold line="1320" />
                <Fold line="1395" />
                <Fold line="1407" />
                <Fold line="1417" />
                <Fold line="1460" />
                <Fold line="1504" />
                <Fold line="1622" />
                <Fold line="1640" />
                <Fold line="1660" />
                <Fold line="1686" />
                <Fold line="1708" />
                <Fold line="1738" />
                <Fold line="1769" />
                <Fold line="1808" />
                <Fold line="1868" />
                <Fold line="1887" />
                <Fold line="1930" />
                <Fold line="1940" />
                <Fold line="1950" />
                <Fold line="1960" />
            </File>
            <File firstVisibleLine="0" xOffset="0" scrollWidth="1248" startPos="768" endPos="768" selMode="0" lang="JavaScript" encoding="-1" filename="C:\Users\Administrator\Downloads\all\pagescript.js" backupFilePath="" originalFileLastModifTimestamp="1521939344" mapFirstVisibleDisplayLine="-1" mapFirstVisibleDocLine="-1" mapLastVisibleDocLine="-1" mapNbLine="-1" mapHigherPos="-1" mapWidth="-1" mapHeight="-1" mapKByteInDoc="0" mapWrapIndentMode="-1" mapIsWrap="no" />
        </mainView>
        <subView activeIndex="0" />
    </Session>
</NotepadPlus>
