<NotepadPlus>
    <Session activeView="0">
        <mainView activeIndex="0">
            <File firstVisibleLine="456" xOffset="0" scrollWidth="1448" startPos="16322" endPos="16322" selMode="0" lang="Javascript" encoding="-1" filename="C:\Users\Cyber\Downloads\bookmarks\all.js" />
            <File firstVisibleLine="0" xOffset="50" scrollWidth="1808" startPos="317" endPos="317" selMode="0" lang="HTML" encoding="-1" filename="C:\Users\Cyber\Downloads\bookmarks\popup.html" />
            <File firstVisibleLine="0" xOffset="438704" scrollWidth="457424" startPos="60081" endPos="60081" selMode="0" lang="Normal Text" encoding="-1" filename="C:\Users\Cyber\Downloads\bookmarks\bmk.json" />
        </mainView>
        <subView activeIndex="0" />
    </Session>
</NotepadPlus>
