<NotepadPlus>
    <Session activeView="0">
        <mainView activeIndex="2">
            <File firstVisibleLine="481" xOffset="0" scrollWidth="1416" startPos="16224" endPos="16224" selMode="0" lang="Javascript" encoding="-1" filename="C:\Users\Cyber\Downloads\bookmarks\all.js" />
            <File firstVisibleLine="0" xOffset="50" scrollWidth="1808" startPos="317" endPos="317" selMode="0" lang="HTML" encoding="-1" filename="C:\Users\Cyber\Downloads\bookmarks\popup.html" />
            <File firstVisibleLine="0" xOffset="0" scrollWidth="456068" startPos="23" endPos="23" selMode="0" lang="Normal Text" encoding="-1" filename="C:\Users\Cyber\Downloads\bookmarks\bmk.json" />
        </mainView>
        <subView activeIndex="0" />
    </Session>
</NotepadPlus>
