<NotepadPlus>
    <Session activeView="0">
        <mainView activeIndex="0">
            <File firstVisibleLine="0" xOffset="50" scrollWidth="1952" startPos="1736" endPos="1736" selMode="0" lang="Javascript" encoding="-1" filename="C:\Users\Cyber\Downloads\text_game\logdata\opening.txt" />
            <File firstVisibleLine="189" xOffset="0" scrollWidth="1168" startPos="5134" endPos="5134" selMode="0" lang="Javascript" encoding="-1" filename="C:\Users\Cyber\Downloads\text_game\all.js" />
            <File firstVisibleLine="0" xOffset="66" scrollWidth="5088" startPos="699" endPos="699" selMode="0" lang="HTML" encoding="-1" filename="C:\Users\Cyber\Downloads\text_game\start.html" />
            <File firstVisibleLine="51" xOffset="0" scrollWidth="1256" startPos="3993" endPos="3993" selMode="0" lang="Javascript" encoding="-1" filename="C:\Users\Cyber\Downloads\bookmarks\all.js" />
        </mainView>
        <subView activeIndex="0" />
    </Session>
</NotepadPlus>
