<NotepadPlus>
    <Session activeView="0">
        <mainView activeIndex="3">
            <File firstVisibleLine="0" xOffset="0" scrollWidth="640" startPos="170" endPos="170" selMode="0" lang="HTML" encoding="-1" filename="C:\Users\Cyber\Downloads\text_game\start.html" />
            <File firstVisibleLine="656" xOffset="0" scrollWidth="3312" startPos="7747" endPos="7747" selMode="0" lang="Javascript" encoding="-1" filename="C:\Users\Cyber\Downloads\text_game\all.js" />
            <File firstVisibleLine="0" xOffset="0" scrollWidth="456" startPos="1" endPos="1" selMode="0" lang="Normal Text" encoding="-1" filename="C:\Users\Cyber\Downloads\bookmarks\manifest.json" />
            <File firstVisibleLine="0" xOffset="172" scrollWidth="1041" startPos="0" endPos="130" selMode="0" lang="Javascript" encoding="-1" filename="C:\Users\Cyber\Downloads\bookmarks\all.js" />
        </mainView>
        <subView activeIndex="0" />
    </Session>
</NotepadPlus>
