<NotepadPlus>
    <Session activeView="0">
        <mainView activeIndex="0">
            <File firstVisibleLine="0" xOffset="89" scrollWidth="2440" startPos="1554" endPos="1554" selMode="0" lang="Javascript" encoding="-1" filename="C:\Users\Cyber\Downloads\text_game\logdata\opening.txt" />
            <File firstVisibleLine="593" xOffset="0" scrollWidth="3448" startPos="16522" endPos="16522" selMode="0" lang="Javascript" encoding="-1" filename="C:\Users\Cyber\Downloads\text_game\all.js" />
            <File firstVisibleLine="0" xOffset="66" scrollWidth="5088" startPos="699" endPos="699" selMode="0" lang="HTML" encoding="-1" filename="C:\Users\Cyber\Downloads\text_game\start.html" />
        </mainView>
        <subView activeIndex="0" />
    </Session>
</NotepadPlus>
