<NotepadPlus>
    <Session activeView="0">
        <mainView activeIndex="0">
            <File firstVisibleLine="510" xOffset="16" scrollWidth="1416" startPos="17257" endPos="17257" selMode="0" lang="Javascript" encoding="-1" filename="C:\Users\Cyber\Downloads\bookmarks\all.js" />
            <File firstVisibleLine="0" xOffset="50" scrollWidth="1808" startPos="317" endPos="317" selMode="0" lang="HTML" encoding="-1" filename="C:\Users\Cyber\Downloads\bookmarks\popup.html" />
            <File firstVisibleLine="0" xOffset="0" scrollWidth="456069" startPos="61606" endPos="61606" selMode="0" lang="Normal Text" encoding="-1" filename="C:\Users\Cyber\Downloads\bookmarks\bmk.json" />
        </mainView>
        <subView activeIndex="0" />
    </Session>
</NotepadPlus>
