<NotepadPlus>
    <Session activeView="0">
        <mainView activeIndex="1">
            <File firstVisibleLine="0" xOffset="0" scrollWidth="9052" startPos="4774" endPos="4774" selMode="0" lang="HTML" encoding="-1" filename="C:\Users\Cyber\Documents\bookmarks_17. 8. 29.2..html" />
            <File firstVisibleLine="21" xOffset="0" scrollWidth="1416" startPos="1285" endPos="1285" selMode="0" lang="Javascript" encoding="-1" filename="C:\Users\Cyber\Downloads\bookmarks\all.js" />
            <File firstVisibleLine="0" xOffset="0" scrollWidth="368" startPos="0" endPos="0" selMode="0" lang="Normal Text" encoding="-1" filename="C:\Users\Cyber\Downloads\bookmarks\manifest.json" />
            <File firstVisibleLine="0" xOffset="0" scrollWidth="1408" startPos="545" endPos="545" selMode="0" lang="HTML" encoding="-1" filename="C:\Users\Cyber\Downloads\bookmarks\popup.html" />
        </mainView>
        <subView activeIndex="0" />
    </Session>
</NotepadPlus>
