<NotepadPlus>
    <Session activeView="0">
        <mainView activeIndex="0">
            <File firstVisibleLine="732" xOffset="0" scrollWidth="2208" startPos="24775" endPos="24775" selMode="0" lang="Javascript" encoding="-1" filename="C:\Users\Cyber\Downloads\bookmarks\all.js" />
            <File firstVisibleLine="0" xOffset="895" scrollWidth="1824" startPos="629" endPos="629" selMode="0" lang="HTML" encoding="-1" filename="C:\Users\Cyber\Downloads\bookmarks\popup.html" />
            <File firstVisibleLine="0" xOffset="438704" scrollWidth="460304" startPos="60081" endPos="60081" selMode="0" lang="Normal Text" encoding="-1" filename="C:\Users\Cyber\Downloads\bookmarks\bmk.json" />
            <File firstVisibleLine="414" xOffset="0" scrollWidth="15192" startPos="27257" endPos="27539" selMode="0" lang="Javascript" encoding="-1" filename="C:\Users\Cyber\Downloads\import_script\all2.js" />
        </mainView>
        <subView activeIndex="0" />
    </Session>
</NotepadPlus>
