<NotepadPlus>
    <Session activeView="0">
        <mainView activeIndex="3">
            <File firstVisibleLine="81" xOffset="0" scrollWidth="3448" startPos="1820" endPos="1820" selMode="0" lang="Javascript" encoding="-1" filename="C:\Users\Cyber\Downloads\text_game\all.js" />
            <File firstVisibleLine="0" xOffset="0" scrollWidth="4976" startPos="0" endPos="0" selMode="0" lang="HTML" encoding="-1" filename="C:\Users\Cyber\Downloads\text_game\start.html" />
            <File firstVisibleLine="0" xOffset="0" scrollWidth="3104" startPos="5" endPos="5" selMode="0" lang="Normal Text" encoding="-1" filename="C:\Users\Cyber\Downloads\text_game\save.txt" />
            <File firstVisibleLine="0" xOffset="0" scrollWidth="504" startPos="263" endPos="263" selMode="0" lang="Javascript" encoding="-1" filename="C:\Users\Cyber\Downloads\import_script\all.js" />
        </mainView>
        <subView activeIndex="0" />
    </Session>
</NotepadPlus>
