<NotepadPlus>
    <Session activeView="0">
        <mainView activeIndex="4">
            <File firstVisibleLine="534" xOffset="0" scrollWidth="2160" startPos="18164" endPos="18164" selMode="0" lang="Javascript" encoding="-1" filename="C:\Users\Cyber\Downloads\bookmarks\all.js" />
            <File firstVisibleLine="0" xOffset="927" scrollWidth="1808" startPos="612" endPos="612" selMode="0" lang="HTML" encoding="-1" filename="C:\Users\Cyber\Downloads\bookmarks\popup.html" />
            <File firstVisibleLine="0" xOffset="438704" scrollWidth="460304" startPos="60081" endPos="60081" selMode="0" lang="Normal Text" encoding="-1" filename="C:\Users\Cyber\Downloads\bookmarks\bmk.json" />
            <File firstVisibleLine="0" xOffset="0" scrollWidth="2792" startPos="0" endPos="0" selMode="0" lang="HTML" encoding="-1" filename="C:\Users\Cyber\Downloads\bookmarks\exportFromExtension.2017.9.8.18.52.54.324.html" />
            <File firstVisibleLine="0" xOffset="0" scrollWidth="2442" startPos="0" endPos="0" selMode="0" lang="HTML" encoding="-1" filename="C:\Users\Cyber\Downloads\bookmarks\bookmarks_17. 9. 8..html" />
        </mainView>
        <subView activeIndex="0" />
    </Session>
</NotepadPlus>
