{"root":{"타입문넷":"http://www.typemoon.net/","아이커뮤":"https://idolmaster.co.kr/bbs/board.php?bo_table=trans","sylee0424/psydel":"https://github.com/sylee0424/psydel","로그라이크 이세계전생 - 66":"http://www.typemoon.net/bbs/board.php?bo_table=ss_tempaa&wr_id=315804","로그라이크 이세계전생 - 66 2":"http://www.typemoon.net/bbs/board.php?bo_table=ss_tempaa&wr_id=315804","19+":{"Chaldea No Erohon | Hitomi.la":"https://hitomi.la/reader/1104028.html#1","Jeanne Alter Ni Onegai Shitai? | 잔느 얼터 에게 부탁 하고싶은? | Hitomi.la":"https://hitomi.la/reader/1104236.html#1","Shuten To Raikou No Yukemuri Daisakusen! 슈텐과 라이코의 모락모락 온천 대작전! | Hitomi.la":"https://hitomi.la/reader/1055761.html#1","Garigari 84 | Hitomi.la":"https://hitomi.la/reader/1059537.html#1","Garigari 82 | Hitomi.la":"https://hitomi.la/reader/1059581.html#1","Garden Night | Hitomi.la":"https://hitomi.la/reader/916766.html#1","Kanojo-gokko | 여친 놀이 | Hitomi.la":"https://hitomi.la/reader/1106079.html#1","Kuuboshibari | Hitomi.la":"https://hitomi.la/reader/1105196.html#10","Jc Rachitte Seikyouiku 2 | Hitomi.la":"https://hitomi.la/reader/1106296.html#1","Koishiki | 사랑공식 (The Idolm@ster Cinderella Girls)​ | Hitomi.la":"https://hitomi.la/reader/1106513.html#3","Koi+kan 2 | Hitomi.la":"https://hitomi.la/reader/1107011.html#6","Recently Added | Hitomi.la":"https://hitomi.la/index-korean-1.html","Enjo Kouhai 3 | Hitomi.la":"https://hitomi.la/reader/1109613.html#1","Uso No Kimi To Anoko No Himitsu | Hitomi.la":"https://hitomi.la/reader/1108990.html#1"},"[GESU] 야루오는 다크 판타지에 전생하는 것 같습니다 105화, 106화":"http://www.typemoon.net/bbs/board.php?bo_table=ss_19&wr_id=157393","typemoon":{},"CYBERPUNK seoul | Tumblr":"https://www.tumblr.com/search/CYBERPUNK+seoul","VA-11 Hall-A: Cyberpunk Bartender Action on Steam":"http://store.steampowered.com/app/447530/VA11_HallA_Cyberpunk_Bartender_Action/","imported":{"2017.8.31.20.1.40.600":{"북마크바":{"새 폴더":{"우주세기 - 나무위키":"https://namu.wiki/w/%EC%9A%B0%EC%A3%BC%EC%84%B8%EA%B8%B0","sylee0424/psydel":"https://github.com/sylee0424/psydel","확장 프로그램":"chrome://extensions/"},"사용자:sylee0424 - 나무위키":"https://namu.wiki/w/%EC%82%AC%EC%9A%A9%EC%9E%90:sylee0424"},"마유와 바이바이♪":"https://idolmaster.co.kr/bbs/board.php?bo_table=trans&wr_id=147183","새 폴더":{"로그라이크 이세계전생 - 72":"http://www.typemoon.net/bbs/board.php?bo_table=ss_tempaa&wr_id=317867&page=2"}}}}}