{"타입문넷":"http://www.typemoon.net/","아이커뮤":"https://idolmaster.co.kr/bbs/board.php?bo_table=trans","sylee0424/psydel":"https://github.com/sylee0424/psydel","Chaldea No Erohon | Hitomi.la":"https://hitomi.la/reader/1104028.html#1","Jeanne Alter Ni Onegai Shitai? | 잔느 얼터 에게 부탁 하고싶은? | Hitomi.la":"https://hitomi.la/reader/1104236.html#1","Shuten To Raikou No Yukemuri Daisakusen! 슈텐과 라이코의 모락모락 온천 대작전! | Hitomi.la":"https://hitomi.la/reader/1055761.html#1","Garigari 84 | Hitomi.la":"https://hitomi.la/reader/1059537.html#1","Garigari 82 | Hitomi.la":"https://hitomi.la/reader/1059581.html#1","Garden Night | Hitomi.la":"https://hitomi.la/reader/916766.html#1","Jeanne Alter Ni Onegai Shitai? | 잔느 얼터 에게 부탁 하고싶은? | Hitomi.la 2":"https://hitomi.la/reader/1104236.html#3","그리스-터키 인구 교환 - 나무위키":"https://namu.wiki/w/%EA%B7%B8%EB%A6%AC%EC%8A%A4-%ED%84%B0%ED%82%A4%20%EC%9D%B8%EA%B5%AC%20%EA%B5%90%ED%99%98"}