{"root":{"타입문넷":"http://www.typemoon.net/","아이커뮤":"https://idolmaster.co.kr/bbs/board.php?bo_table=trans","sylee0424/psydel":"https://github.com/sylee0424/psydel","Chaldea No Erohon | Hitomi.la":"https://hitomi.la/reader/1104028.html#1","Jeanne Alter Ni Onegai Shitai? | 잔느 얼터 에게 부탁 하고싶은? | Hitomi.la":"https://hitomi.la/reader/1104236.html#1","Shuten To Raikou No Yukemuri Daisakusen! 슈텐과 라이코의 모락모락 온천 대작전! | Hitomi.la":"https://hitomi.la/reader/1055761.html#1","Garigari 84 | Hitomi.la":"https://hitomi.la/reader/1059537.html#1","Garigari 82 | Hitomi.la":"https://hitomi.la/reader/1059581.html#1","Garden Night | Hitomi.la":"https://hitomi.la/reader/916766.html#1","로그라이크 이세계전생 - 66":"http://www.typemoon.net/bbs/board.php?bo_table=ss_tempaa&wr_id=315804","로그라이크 이세계전생 - 66 2":"http://www.typemoon.net/bbs/board.php?bo_table=ss_tempaa&wr_id=315804"}}